t_s,T_K,e_Pa,Sw,Si,Ncloud,Nice,r_cloud_m,r_ice_m,drcloud_dt,drice_dt,qcloud,qice,cond_rate_kgm3s,dep_rate_kgm3s,latent_heating_Ks,dT_dt_Ks,ice_active
0.0,273.15,580.2148563060589,-0.05000000000000009,-0.049927860781880086,0.0,0.0,1e-06,1e-07,0.0,0.0,0.0,0.0,0.0,0.0,0.0,-0.1,0
2.0,272.95,579.7897126121178,-0.036806048047374855,-0.03484591569243374,0.0,0.0,1e-06,1e-07,0.0,0.0,0.0,0.0,0.0,0.0,0.0,-0.1,0
4.0,272.75,579.3645689181767,-0.02340603752246091,-0.019501143338717546,0.0,0.0,1e-06,1e-07,0.0,0.0,0.0,0.0,0.0,0.0,0.0,-0.1,0
6.0,272.55,578.9394252242356,-0.009796413551184345,-0.003888575200959527,0.0,0.0,1e-06,1e-07,0.0,0.0,0.0,0.0,0.0,0.0,0.0,-0.1,0
8.0,272.35,577.8063545538579,0.004026445639619891,0.011996858234682446,500003000.0,0.0,1.4469547673037174e-06,1e-07,2.234773836518588e-07,0.0,6.344919032764396e-06,0.0,2.9398553506284722e-06,0.0,0.007313073011513612,-0.09268692698848639,0
10.0,272.16462614602307,571.0646508489316,0.015732928134168347,0.025656924052196387,500003000.0,0.0,2.6430655843637353e-06,1e-07,5.98055408530009e-07,0.0,3.867096757953123e-05,0.0,2.6250632732136387e-05,0.0,0.06530008142322484,-0.034699918576775166,0
12.0,272.09522630886954,568.078924419562,0.008992866056344367,0.019543947363967498,500003000.0,0.0,3.0160855658808624e-06,1e-07,1.8650999075856357e-07,0.0,5.7463515817903976e-05,0.0,1.0660360493806221e-05,0.0,0.02651830968608513,-0.07348169031391488,0
14.0,271.9482629282417,562.6704647126644,0.01458004532395583,0.026666826316301816,500003000.0,0.0,3.542252935815967e-06,1e-07,2.6308368496755236e-07,0.0,9.308933463040409e-05,0.0,2.0741278753519806e-05,0.0,0.05159522077990001,-0.048404779220099996,0
16.0,271.8514533698015,557.9839820011971,0.012078768874915647,0.025107785918646656,500003000.0,0.0,3.911638977576427e-06,1e-07,1.8469302088023015e-07,0.0,0.00012535380307315683,0.0,1.7756218839053992e-05,0.0,0.044169698604611916,-0.05583030139538809,0
18.0,271.7397927670107,553.118186640839,0.01190658930215111,0.026055634677641267,500003000.0,0.0,4.23956028685615e-06,1e-07,1.6396065463986135e-07,0.0,0.00015959661117179974,0.0,1.8516706739959785e-05,0.0,0.046061459552138764,-0.05393854044786124,0
20.0,271.631915686115,548.3951849925124,0.011061724445518588,0.02628357869572278,500003000.0,0.0,4.519149546777886e-06,1e-07,1.397946299608679e-07,0.0,0.0001932997796050714,0.0,1.7938510917839564e-05,0.0,0.044623161487163096,-0.05537683851283691,0
22.0,271.5211620090893,543.6840382157918,0.010623409702613159,0.02695306471326779,500003000.0,0.0,4.769664461670013e-06,1e-07,1.2525745744606358e-07,0.0,0.00022726089043261644,0.0,1.7904480414467813e-05,0.0,0.04453850849370103,-0.05546149150629898,0
24.0,271.41023902607674,539.0296475425724,0.010152506962347077,0.027591495238363774,500003000.0,0.0,4.9952484974590056e-06,1e-07,1.1279201789449631e-07,0.0,0.00026105529889340514,0.0,1.7683777269068495e-05,0.0,0.043989495694200235,-0.05601050430579977,0
26.0,271.29821801746516,534.4038011213394,0.009801587330922897,0.028363504567263362,500003000.0,0.0,5.202037331745716e-06,1e-07,1.0339441714335524e-07,0.0,0.00029483674842493415,0.0,1.7580308528240446e-05,0.0,0.04373211076676728,-0.056267889233232726,0
28.0,271.1856822389987,529.8152030233857,0.009475491870875862,0.029166620603072194,500003000.0,0.0,5.392917930977862e-06,1e-07,9.544029961607323e-08,0.0,0.00032849794209696237,0.0,1.7440618836552215e-05,0.0,0.04338462397152292,-0.056615376028477084,0
30.0,271.07245148694176,525.2548292679858,0.009204414748391107,0.030033578493798837,500003000.0,0.0,5.570757483584839e-06,1e-07,8.891977630348833e-08,0.0,0.00036207953302701994,0.0,1.7338412868827128e-05,0.0,0.04313038027071425,-0.05686961972928575,0
32.0,270.95871224748316,520.724795835773,0.008957764126981679,0.030931440928085713,500003000.0,0.0,5.737345812707576e-06,1e-07,8.32941645613684e-08,0.0,0.00039554354488473915,0.0,1.7227374919171033e-05,0.0,0.042854166465599586,-0.05714583353440042,0
34.0,270.84442058041435,516.2212586847047,0.008743114167480729,0.031868499009774225,500003000.0,0.0,5.894308766074479e-06,1e-07,7.848147668345162e-08,0.0,0.0004289037720002245,0.0,1.7132289493597972e-05,0.0,0.04261763555621386,-0.057382364443786145,0
36.0,270.7296558515268,511.74481989286534,0.00854734661178561,0.0328306413548518,500003000.0,0.0,6.042801279911729e-06,1e-07,7.424625691862531e-08,0.0,0.0004621427634798925,0.0,1.7034667579328118e-05,0.0,0.04237479497345303,-0.05762520502654698,0
38.0,270.6144054414737,507.2934822012428,0.00837271339470298,0.033820385018188,500003000.0,0.0,6.183853191977551e-06,1e-07,7.052595603291083e-08,0.0,0.0004952662470523284,0.0,1.6945320892891636e-05,0.0,0.042152539534556305,-0.0578474604654437,0
40.0,270.49871052054283,502.86745411991336,0.00821232792594215,0.034830332744215015,500003000.0,0.0,6.3182487045786095e-06,1e-07,6.719775630052913e-08,0.0,0.0005282644316620678,0.0,1.6855074657954298e-05,0.0,0.04192804641282164,-0.058071953587178364,0
42.0,270.38256661336845,498.4655410652834,0.008067001297613579,0.035861428082488565,500003000.0,0.0,6.446688941445426e-06,1e-07,6.422011843340841e-08,0.0,0.0005611401788573609,0.0,1.6769766187547996e-05,0.0,0.04171583628743283,-0.05828416371256718,0
44.0,270.26599828594334,494.0878525090037,0.00793255193375692,0.036909187332831446,500003000.0,0.0,6.569730495869465e-06,1e-07,6.152077721201941e-08,0.0,0.0005938870866282765,0.0,1.6683969837967347e-05,0.0,0.04150241253225708,-0.058497587467742924,0
46.0,270.14900311100786,489.7335933385701,0.007809395834057625,0.03797411676058055,500003000.0,0.0,6.687875976819633e-06,1e-07,5.9072740475084196e-08,0.0,0.0006265068901664918,0.0,1.6601449723469676e-05,0.0,0.04129713861559621,-0.058702861384403796,0
48.0,270.03159738823905,485.402861354105,0.007694693890445444,0.039053177669160784,500003000.0,0.0,6.801535015992388e-06,1e-07,5.682951958637735e-08,0.0,0.0006589948705484854,0.0,1.6518489641720873e-05,0.0,0.041090770253037,-0.058909229746963006,0
50.0,269.9137789287451,481.0950775573043,0.007588790169763754,0.04014679237536341,500003000.0,0.0,6.911082368667027e-06,1e-07,5.4773676337319404e-08,0.0,0.0006913523232619133,0.0,1.6437906410037025e-05,0.0,0.04089031445282842,-0.05910968554717159,0
52.0,269.79555955765073,476.81035725843077,0.00748956781311238,0.04125269856384977,500003000.0,0.0,7.016828477193768e-06,1e-07,5.28730542633706e-08,0.0,0.0007235754128033494,0.0,1.635680942856363e-05,0.0,0.040688580668068734,-0.05931141933193127,0
54.0,269.6769367189869,472.54824173004306,0.007397414759663914,0.04237136250891927,500003000.0,0.0,7.119061703819043e-06,1e-07,5.111661331263701e-08,0.0,0.0007556653190032645,0.0,1.6277588330722895e-05,0.0,0.040491513260504715,-0.05950848673949529,0
56.0,269.5579197455079,468.3088766042429,0.007310610855636183,0.043500947045038395,500003000.0,0.0,7.218022928001415e-06,1e-07,4.948061209118634e-08,0.0,0.0007876186498918332,0.0,1.6197726141833916e-05,0.0,0.040292851099089345,-0.05970714890091066,0
58.0,269.43850544770606,464.0918657447405,0.007229643608316811,0.044642024661979765,500003000.0,0.0,7.3139399601932435e-06,1e-07,4.795851609591441e-08,0.0,0.0008194366648953913,0.0,1.611947870649312e-05,0.0,0.04009820573754507,-0.059901794262454934,0
60.0,269.31870185918115,459.8973952599762,0.007152991282307918,0.04579296894702647,500003000.0,0.0,7.407003207171808e-06,1e-07,4.653162348928218e-08,0.0,0.0008511161228034428,0.0,1.6040420341765693e-05,0.0,0.03990154313872063,-0.060098456861279376,0
62.0,269.1985049454586,455.72509039118313,0.007081286327669421,0.04695450950919329,500003000.0,0.0,7.497396865309177e-06,1e-07,4.519682906868437e-08,0.0,0.0008826585252882952,0.0,1.5962887070068544e-05,0.0,0.039708674303653095,-0.06029132569634691,0
64.0,269.0779222940659,451.5751912138406,0.0070130600848371406,0.048125072846084485,500003000.0,0.0,7.585273529763562e-06,1e-07,4.3938332227192685e-08,0.0,0.0009140605348714778,0.0,1.5884316616674595e-05,0.0,0.039513225414613426,-0.06048677458538658,0
66.0,268.9569487448951,447.447307770692,0.006949147960520105,0.049305610484316156,500003000.0,0.0,7.670785415022753e-06,1e-07,4.275594262959525e-08,0.0,0.0009453240803574604,0.0,1.5807333914066447e-05,0.0,0.039321726154394145,-0.06067827384560586,0
68.0,268.8355921972039,443.34175554915555,0.006888000270725145,0.05049445526965352,500003000.0,0.0,7.754055831338585e-06,1e-07,4.1635208157916186e-08,0.0,0.0009764454601479235,0.0,1.572899816782446e-05,0.0,0.0391268611139912,-0.06087313888600881,0
70.0,268.7138459194319,439.25808846075273,0.006830744755057017,0.05169288010495258,500003000.0,0.0,7.835213416253101e-06,1e-07,4.057879245725868e-08,0.0,0.0010074272880354128,0.0,1.5652483473711456e-05,0.0,0.038936526054008595,-0.06106347394599141,0
72.0,268.59171897153993,435.1967329635082,0.006775594289031536,0.052898952131521765,500003000.0,0.0,7.914357880274317e-06,1e-07,3.9572232010608234e-08,0.0,0.0010382651424883842,0.0,1.557415133177683e-05,0.0,0.038741669979544355,-0.06125833002045565,0
74.0,268.46920231149903,431.15713137005235,0.006724115275128149,0.0541144282354014,500003000.0,0.0,7.991600778254216e-06,1e-07,3.8621448989949146e-08,0.0,0.0010689627235308807,0.0,1.5498104989682858e-05,0.0,0.03855249997433547,-0.061447500025664535,0
76.0,268.34630731144773,427.13988121225276,0.006674064097037677,0.05533686772419657,500003000.0,0.0,8.067021742820871e-06,1e-07,3.771048228332736e-08,0.0,0.0010995143501309908,0.0,1.541952572191039e-05,0.0,0.03835702915898107,-0.06164297084101893,0
78.0,268.2230213697657,423.14422779526495,0.006627692805486874,0.056568785935381234,500003000.0,0.0,8.140720796103404e-06,1e-07,3.684952664126618e-08,0.0,0.0011299254721425802,0.0,1.5344053615606056e-05,0.0,0.038169287601010085,-0.06183071239898992,0
80.0,268.0993599449677,419.17104343371665,0.006581956200373738,0.05780685162967162,500003000.0,0.0,8.212759072682e-06,1e-07,3.601913828929806e-08,0.0,0.0011601882623779288,0.0,1.5264899808109514e-05,0.0,0.037972387582361974,-0.06202761241763803,0
82.0,267.97530472013244,415.21923408999214,0.00654022004551862,0.05905481466998788,500003000.0,0.0,8.283230568361204e-06,1e-07,3.523574783960231e-08,0.0,0.0011903110641755135,0.0,1.5190269120907134e-05,0.0,0.03778673910673417,-0.062213260893265836,0
84.0,267.8508781983459,411.2901302205298,0.006498052990985501,0.06030780345079545,500003000.0,0.0,8.352177314169802e-06,1e-07,3.447337290429872e-08,0.0,0.0012202823689459264,0.0,1.511004169482077e-05,0.0,0.037587168395076545,-0.06241283160492346,0
86.0,267.7260525351361,407.38204857188873,0.00646069700159683,0.061571651367594175,500003000.0,0.0,8.41969386894244e-06,1e-07,3.3758277386319104e-08,0.0,0.0012501154520605613,0.0,1.5036797603029091e-05,0.0,0.03740496916176391,-0.06259503083823609,0
88.0,267.60086247345964,403.4971106921261,0.006421294830697169,0.06283878844428119,500003000.0,0.0,8.485799467726984e-06,1e-07,3.30527993922721e-08,0.0,0.0012797923591811116,0.0,1.4954649920488862e-05,0.0,0.03720062169275836,-0.06279937830724164,0
90.0,267.4752637168452,399.6325880152164,0.006388361886554867,0.06411868956570468,500003000.0,0.0,8.550598695953973e-06,1e-07,3.239961411349392e-08,0.0,0.0013093350448482486,0.0,1.4883852595642574e-05,0.0,0.03702450894438451,-0.06297549105561549,0
92.0,267.3493127347339,395.7920147666166,0.006350694637338319,0.0653989438971794,500003000.0,0.0,8.61407915170397e-06,1e-07,3.174022787499937e-08,0.0,0.0013387139638983533,0.0,1.4798245590245881e-05,0.0,0.03681155619464149,-0.06318844380535851,0
94.0,267.2229358471232,391.9707566834713,0.006322717024411049,0.0666956104642588,500003000.0,0.0,8.676371062156385e-06,1e-07,3.1145955226207575e-08,0.0,0.001367966842964753,0.0,1.4731954317083165e-05,0.0,0.036646652530057625,-0.06335334746994238,0
96.0,267.0962291521833,388.17495399097993,0.006285214908261878,0.06798734261610383,500003000.0,0.0,8.73741206246586e-06,1e-07,3.052050015473758e-08,0.0,0.0013970426759973718,0.0,1.4639955482511408e-05,0.0,0.03641779970773982,-0.0635822002922602,0
98.0,266.96906475159875,384.39639434730043,0.006263634656463978,0.0693025034578645,500003000.0,0.0,8.79738623812638e-06,1e-07,2.99870878302602e-08,0.0,0.0014260087751478557,0.0,1.4582234733002143e-05,0.0,0.036274215753736676,-0.06372578424626332,0
100.0,266.84161318310623,380.6461791375311,0.006223546525641838,0.07060274523977547,500003000.0,0.0,8.856144413766393e-06,1e-07,2.9379087820006024e-08,0.0,0.0014547731898587556,0.0,1.4478052967365966e-05,0.0,0.03601505713275116,-0.06398494286724885,0
102.0,266.71364329737173,376.9091740619199,0.006211627305047256,0.07194017193119177,500003000.0,0.0,8.913978587365757e-06,1e-07,2.8917086799682195e-08,0.0,0.0014834604728928644,0.0,1.443710734935168e-05,0.0,0.03591320236157135,-0.06408679763842866,0
104.0,266.5854697020949,373.2062173353184,0.006163655283927495,0.07324308993646401,500003000.0,0.0,8.970578341683426e-06,1e-07,2.8299877158834787e-08,0.0,0.0015118981978557145,0.0,1.4308954778477882e-05,0.0,0.03559441487183553,-0.06440558512816447,0
106.0,266.45665853183857,369.50838334685244,0.006168482090825357,0.0746108500433159,500003000.0,0.0,9.026451457577784e-06,1e-07,2.7936557947179408e-08,0.0,0.0015403250284292686,0.0,1.4301759539651591e-05,0.0,0.03557651626779002,-0.06442348373220999,0
108.0,266.32781156437414,365.8561890542264,0.006101786848831361,0.07590436933066505,500003000.0,0.0,9.080973283437629e-06,1e-07,2.726091292992198e-08,0.0,0.001568405704797388,0.0,1.4124974280649696e-05,0.0,0.035136751941914665,-0.06486324805808534,0
110.0,266.19808506825797,362.19243367653326,0.0061387309992357395,0.07731986553525375,500003000.0,0.0,9.13508969226385e-06,1e-07,2.7058204413110673e-08,0.0,0.001596613021035488,0.0,1.4187539350072738e-05,0.0,0.035292386442967005,-0.064707613557033,0
112.0,266.0686698411439,358.59854309061734,0.006030197648188275,0.07857806384566413,500003000.0,0.0,9.187540303174467e-06,1e-07,2.6225305455308832e-08,0.0,0.0016242728724773117,0.0,1.3909180526404218e-05,0.0,0.034599951558219454,-0.06540004844178054,0
114.0,265.93786974426035,354.9577279541497,0.0061330903839117165,0.08007953527394329,500003000.0,0.0,9.240180188007245e-06,1e-07,2.631994241638909e-08,0.0,0.0016523518847801134,0.0,1.4119791683976998e-05,0.0,0.03512385991039054,-0.06487614008960946,0
116.0,265.80811746408114,351.43846180842036,0.005931840694125267,0.08124511924628848,500003000.0,1.0465755229680993,9.290421628144854e-06,6.080774740014712e-05,2.5120720068803914e-08,3.0353873700073558e-05,0.0016794515967370079,9.038685275445946e-10,1.3623396801365818e-05,1.3535731366276711e-09,0.03389286371112811,-0.0661071362888719,1
118.0,265.6759031915034,347.7964985223924,0.006175121155765405,0.08291672790906904,500003000.0,1.1023310496503904,9.342040388295596e-06,6.090880562107878e-05,2.5809380075370744e-08,5.052911046583118e-08,0.0017076011593921657,9.567759179086485e-10,1.4152837766077205e-05,2.3811845703138683e-12,0.035206070809422965,-0.06479392919057704,1
120.0,265.5463153331222,344.3888777169281,0.005769890032345426,0.08386402824673597,500003000.0,1.1590155975122083,9.389642167005003e-06,6.101002933067412e-05,2.380088935470317e-08,5.061185479767033e-08,0.0017338373137371688,1.0109994675259922e-09,1.318480597961177e-05,2.516072790603697e-12,0.03279803191997981,-0.06720196808002019,1
122.0,265.4119113969622,340.6888967006296,0.006325240504583864,0.08590012649068898,500003000.0,1.219923866311305,9.441152082896242e-06,6.111267308804725e-05,2.5754957945619765e-08,5.132187868656088e-08,0.0017625287099634491,1.069509172889184e-09,1.4424252168956922e-05,2.6944928401070865e-12,0.035881231899089566,-0.06411876810091044,1
124.0,265.28367386076036,337.4792425931626,0.005450445103724259,0.08632851275192394,500003000.0,1.2800253889909643,9.484962931153725e-06,6.121483044606922e-05,2.1905424128741665e-08,5.1078679010988734e-08,0.0017871793312990581,1.1278373727983164e-09,1.2382416735960239e-05,2.8232591377925438e-12,0.030802039642802977,-0.06919796035719702,1
126.0,265.14527794004596,333.58919039523215,0.006723393482130633,0.08918886078870056,500003000.0,1.3470294060106136,9.538316895105684e-06,6.131928209866531e-05,2.6676981975979345e-08,5.222582629804343e-08,0.0018175085417843529,1.1929608915468052e-09,1.5249747878029316e-05,3.0481456812573435e-12,0.037934704809470796,-0.06206529519052921,1
128.0,265.0211473496649,330.780635692476,0.004754022249276137,0.0883893161176489,500003000.0,1.4089765306070767,9.575555944631852e-06,6.142181314651588e-05,1.8619524763084115e-08,5.12655239252851e-08,0.001838879254433482,1.254092589385113e-09,1.072701930171708e-05,3.1401733530211898e-12,0.026684136471188044,-0.07331586352881196,1
130.0,264.87451562260725,326.3851600815782,0.007712855849277924,0.09317373674435142,500003000.0,1.4843392005688982,9.635212963903018e-06,6.152871384304476e-05,2.982850963558324e-08,5.345034826443746e-08,0.0018734632307165248,1.3280811510127375e-09,1.739949586128357e-05,3.4611352461948198e-12,0.04328233777320021,-0.056717662226799796,1
132.0,264.7610802981537,324.4665588243862,0.0031361774610236303,0.08942677233249398,500003000.0,1.544208381357812,9.659157203899976e-06,6.163039943302846e-05,1.1972119998479701e-08,5.084279499184896e-08,0.001887465066351761,1.3885093150047217e-09,7.018301221408219e-06,3.4364061451737704e-12,0.01745847044009509,-0.08254152955990492,1
134.0,264.59599723903386,318.7967128005032,0.010145403225591427,0.09882623925950393,500003000.0,1.6336650427846706,9.735661428868237e-06,6.174140845848446e-05,3.825211248413059e-08,5.550451272800227e-08,0.0019326695591321559,1.4768981908970974e-09,2.2780792217577904e-05,3.98312169164712e-12,0.0566686485891658,-0.043331351410834204,1
136.0,264.5093345362122,318.5556643301435,-0.0007766643608656374,0.08787465617974421,0.0,1.6816778447617393,9.735661428868237e-06,6.18393913277258e-05,0.0,4.899143462066959e-08,0.0,1.527553277537196e-09,0.0,3.630551251520797e-12,1.02377932804079e-08,-0.09999998976220673,1
138.0,264.30933455668776,310.7671491621756,0.014180432460146426,0.10633879753428287,500003000.0,1.7950457825337305,9.839931158679753e-06,6.195625663927641e-05,5.213486490575794e-08,5.8432655775309675e-08,0.0019954341458872484,1.6397928365746877e-09,3.171720043968063e-05,4.639601658970068e-12,0.0788985216396345,-0.021101478360365508,1
140.0,264.267131599967,310.53195661258025,-0.007347131807869402,0.08330584880018731,0.0,1.819396854132369,9.839931158679753e-06,6.204738690604234e-05,0.0,4.556513338296508e-08,0.0,1.669382562639286e-09,0.0,3.677784493118483e-12,1.0370986321888338e-08,-0.09999998962901369,1
142.0,264.06713162070895,306.3405962464584,0.0075434260620048325,0.10172747026482172,500003000.0,1.9366305430280373,9.894008269728295e-06,6.215707080147797e-05,2.7038555524271504e-08,5.484194771781269e-08,0.0020285140798474914,1.786390256768819e-09,1.6630698828361442e-05,4.728462255479841e-12,0.04136991091678173,-0.058630089083218276,1
144.0,263.94987144254253,304.4874880401755,0.0031166525340398797,0.09815634131060173,500003000.0,2.0066389182040436,9.916070111043683e-06,6.226191183377992e-05,1.1030920657694191e-08,5.242051615097361e-08,0.0020421140140301614,1.8603494593075524e-09,6.815118512820147e-06,4.698882960987586e-12,0.016953044376800674,-0.08304695562319933,1
146.0,263.78377753129615,298.9850654377538,0.010122408547778692,0.10763917696827582,500003000.0,2.107170830336639,9.986839791225533e-06,6.237544496431375e-05,3.538484009092504e-08,5.6766565266920356e-08,0.0020861496933189633,1.96425858933398e-09,2.2174604233267246e-05,5.362889842773711e-12,0.055160722170744206,-0.0448392778292558,1
148.0,263.69409897563764,298.7582976810309,-0.0011227673896582837,0.09627783095040733,0.0,2.1620200905759908,9.986839791225533e-06,6.247621342455327e-05,0.0,5.038423011976057e-08,0.0,2.0251713264951235e-09,0.0,4.899626236277491e-12,1.381645846130389e-08,-0.09999998618354154,1
150.0,263.49409900327055,291.32191328945186,0.013937301193561642,0.11500428478776267,500003000.0,2.285467061738725,1.008187751860951e-05,6.259480993521548e-05,4.7518863691988334e-08,5.9298255331102616e-08,0.0021462755119985855,2.1530191207312255e-09,3.0348089424373256e-05,6.118891215709549e-12,0.0754927770167869,-0.024507222983213103,1
152.0,263.44508455730414,291.1007488231509,-0.007479381654937777,0.09198076892022287,0.0,2.3159059882280038,1.008187751860951e-05,6.268917683058507e-05,0.0,4.718344768479241e-08,0.0,2.1915761834284667e-09,0.0,4.9485154579785696e-12,1.3954321201901758e-08,-0.09999998604567881,1
154.0,263.2450845852128,287.05014402586914,0.007517902451079333,0.110670456404102,500003000.0,2.4405833252956457,1.0131879516201285e-05,6.280104830110392e-05,2.5000998795887205e-08,5.59357352594214e-08,0.002178368104820031,2.3219467963804897e-09,1.6125747926192397e-05,6.204345538919182e-12,0.04011381830706095,-0.05988618169293906,1
156.0,263.1253122218269,285.3522192924496,0.0029306001783651965,0.10692088080222133,500003000.0,2.515429665438438,1.01511305853085e-05,6.290807646747004e-05,9.625534553607486e-09,5.35140831830589e-08,0.0021908087321364685,2.405411270100032e-09,6.232125074435849e-06,6.138641619291781e-12,0.015502816002985047,-0.08449718399701496,1
158.0,262.9563178538329,279.88470168498844,0.0103960782023481,0.11702156986895326,500003000.0,2.6209568264167955,1.0218575660807083e-05,6.302369693560951e-05,3.372253774929111e-08,5.781023406973294e-08,0.002234767331587851,2.520167677867549e-09,2.2125008866764598e-05,6.935081109317473e-12,0.05503735504570284,-0.044962644954297165,1
160.0,262.8663925639243,279.67175193858384,-0.001891316133232507,0.10441710303997155,0.0,2.6769582195453987,1.0218575660807083e-05,6.312605249431528e-05,0.0,5.117777935288916e-08,0.0,2.5865771364645242e-09,0.0,6.2909972383175785e-12,1.7739986242181113e-08,-0.09999998226001376,1
162.0,262.6663925994043,272.8192168137526,0.013268071610000664,0.12340615381906658,500003000.0,2.8007904743092644,1.0302538683984012e-05,6.32452027791021e-05,4.198151158846403e-08,5.957514239340918e-08,0.0022903084798641354,2.721581434854624e-09,2.7998131801644064e-05,7.690951774620509e-12,0.06964711572165919,-0.03035288427834082,1
164.0,262.6056868308476,272.61143669185003,-0.006791466844422115,0.10182611583865073,0.0,2.8381113326776566,1.0302538683984012e-05,6.33429283372685e-05,0.0,4.886277908320228e-08,0.0,2.7706507408171967e-09,0.0,6.411845739642328e-12,1.8080766991190407e-08,-0.09999998191923301,1
166.0,262.40568686700914,268.29886045738846,0.008328507023106998,0.12080968620573283,500003000.0,2.959899889829483,1.0353957216789896e-05,6.345712678709371e-05,2.570926640294168e-08,5.709922491260744e-08,0.0023247717403238628,2.9052009677487306e-09,1.7317487820337026e-05,7.842368471726087e-12,0.04307835002598489,-0.056921649974015116,1
168.0,262.2918435670611,267.4140522846789,0.0013949902228082517,0.11435406357799272,500003000.0,3.0282676678407827,1.0362464966101193e-05,6.356419073139676e-05,4.253874655648896e-09,5.35319721515244e-08,0.002330507179754071,2.987375198266654e-09,2.8700754480312375e-06,7.547649899085776e-12,0.007139512447878514,-0.09286048755212149,1
170.0,262.1061225919569,260.88482437929343,0.012950226352974546,0.12928083749845648,500003000.0,3.1380049414618654,1.044045009723561e-05,6.368349313336881e-05,3.8992565567209036e-08,5.965120098602518e-08,0.0023835204646757086,3.1130937485263906e-09,2.670562393404678e-05,8.747939461774758e-12,0.06643192500176855,-0.03356807499823146,1
172.0,262.0389864419604,260.6857035402653,-0.0064836806259722934,0.10834925854321806,0.0,3.1770612979451545,1.044045009723561e-05,6.378283111318344e-05,0.0,4.966898990731404e-08,0.0,3.1666124570880334e-09,0.0,7.397716882104878e-12,2.086082551630371e-08,-0.0999999791391745,1
174.0,261.83898648368205,256.2937853002851,0.008717518606865095,0.1275310449639896,500003000.0,3.291251614500506,1.0491667752842234e-05,6.389796803242202e-05,2.5608827803311948e-08,5.75684596192897e-08,0.0024187712979479763,3.2982241955685295e-09,1.771174015150149e-05,8.914541053399789e-12,0.044059080241356297,-0.05594091975864371,1
176.0,261.72710464416474,255.80204547251233,0.0006223295400459348,0.11971820251277593,500003000.0,3.353604823805785,1.0495280078603681e-05,6.400502058759337e-05,1.8061628807235691e-09,5.3526277585671804e-08,0.002421270537937907,3.3776290829203306e-09,1.25005019505726e-06,8.473956115352432e-12,0.0031096014953579908,-0.09689039850464201,1
178.0,261.53332384715543,248.79613138017194,0.014296181026285337,0.13719263052228728,500003000.0,3.458776227191037,1.057719958619381e-05,6.412584771211382e-05,4.09597537950642e-08,6.041356226022282e-08,0.0024784109398176078,3.503319675930757e-09,2.879262163978498e-05,9.901530922888273e-12,0.07162346483622,-0.02837653516378001,1
180.0,261.4765707768279,248.6058285683634,-0.00899197692927216,0.11170538596931849,0.0,3.488864121944621,1.057719958619381e-05,6.422365289033752e-05,0.0,4.890258911185081e-08,0.0,3.5499890328337265e-09,0.0,8.109332646681163e-12,2.2867511164870066e-08,-0.09999997713248884,1
182.0,261.2765708225629,245.49362601359604,0.006247179165947938,0.13103124315063527,500003000.0,3.5921777109640214,1.0612130925962459e-05,6.433660493053464e-05,1.746566988432452e-08,5.647602009855862e-08,0.002503047075630761,3.6744316780791002e-09,1.2358703704155203e-05,9.676479394243877e-12,0.030743071326896132,-0.06925692867310387,1
184.0,261.1380569652167,243.0980390815822,0.004756440778501782,0.13090086217112956,500003000.0,3.661155145062419,1.0638400127686171e-05,6.44481499043925e-05,1.3134600861856253e-08,5.5772486928934966e-08,0.002521681207077872,3.764501217925806e-09,9.340110098777289e-06,9.77323299189464e-12,0.02323413228287117,-0.07676586771712884,1
186.0,260.98452522978243,239.54164756236645,0.007301244719584044,0.13548475374789593,500003000.0,3.735058292160569,1.067822109271304e-05,6.456215333868387e-05,1.9910482513434516e-08,5.7001717145683806e-08,0.0025501043111294365,3.860907083138286e-09,1.4264681407137749e-05,1.0226347268390328e-11,0.03548431094458958,-0.06451568905541043,1
188.0,260.8554938516716,238.022328694094,0.0029213369877472708,0.13198840572470263,500003000.0,3.7950441106028987,1.0693960338526953e-05,6.467200522173288e-05,7.869622906956866e-09,5.4925941524507374e-08,0.002561397177369607,3.942972551815987e-09,5.654751634403132e-06,1.0046301134683427e-11,0.014066574683806215,-0.08593342531619379,1
190.0,260.6836270010392,233.07526164826766,0.01045228463888969,0.14242509511391627,500003000.0,3.8718789977118897,1.0749556078471566e-05,6.478889766611037e-05,2.7797869972306182e-08,5.8446222188740134e-08,0.002601553781568854,4.044655099715143e-09,2.0182504249876427e-05,1.09460796131939e-11,0.05020526531928427,-0.049794734680715734,1
192.0,260.5840375316778,232.89637247508713,-0.002570429234774848,0.12881070505668302,0.0,3.914784105507948,1.0749556078471566e-05,6.489367467497378e-05,0.0,5.238850443170594e-08,0.0,4.109347451772269e-09,0.0,9.952398362406866e-12,2.806477309359309e-08,-0.09999997193522692,1
194.0,260.3840375878073,226.92019448999656,0.012890575283224426,0.14857363323337702,500003000.0,3.9973468413103164,1.0816422131061344e-05,6.501260719772372e-05,3.343302629488891e-08,5.94662613749674e-08,0.002650404154566886,4.219126300912746e-09,2.4576804802372125e-05,1.1577554486671683e-11,0.061136363001711165,-0.03886363699828884,1
196.0,260.30631031381074,226.74584355998536,-0.00687930251781756,0.12701987433831768,0.0,4.028137333495638,1.0816422131061344e-05,6.511353160743391e-05,0.0,5.0462204855096136e-08,0.0,4.271456295140343e-09,0.0,9.930981960607709e-12,2.8004380971504723e-08,-0.09999997199561904,1
198.0,260.1063103698195,222.79113749277266,0.008553347609841553,0.14679514629201287,500003000.0,4.104049891839915,1.0859704276957076e-05,6.522831094455903e-05,2.16410729478663e-08,5.738966856256483e-08,0.0026823485883481846,4.375009245975987e-09,1.603604481069205e-05,1.1547761713382015e-11,0.039890691296603796,-0.06010930870339621,1
200.0,259.9860917524127,222.32852953772266,0.0006666027583561119,0.13917846923329386,500003000.0,4.147405457746159,1.0863036984709062e-05,6.533599645135513e-05,1.6663538759923145e-09,5.3842753398047356e-08,0.0026848188842427834,4.44316045166233e-09,1.2355269600184861e-06,1.0984694754824527e-11,0.003073481125045921,-0.09692651887495408,1
202.0,259.79223871466274,215.86206922120328,0.014425241901354842,0.15705358741456402,500003000.0,4.213781264277282,1.093419809686232e-05,6.545560471615384e-05,3.5580556076628474e-08,5.980413239935367e-08,0.002737928060907101,4.539107321355184e-09,2.6728161144117532e-05,1.2441595019939117e-11,0.06648799812912846,-0.03351200187087154,1
204.0,259.725214710921,215.6958433703345,-0.009700692401971592,0.13028310423604061,0.0,4.235731818746525,1.093419809686232e-05,6.5554158145169e-05,0.0,4.927671450758318e-08,0.0,4.583393387309452e-09,0.0,1.0335937817502283e-11,2.9146316193832306e-08,-0.09999997085368381,1
206.0,259.5252147692137,213.06213509702243,0.005768766168464566,0.15020777972919788,500003000.0,4.298253974586283,1.0961963609277733e-05,6.566595484181548e-05,1.3882756207706871e-08,5.5898348323239373e-08,0.0027588385596710656,4.6748836818511774e-09,1.0481776214231966e-05,1.193852782838116e-11,0.026074103850117193,-0.07392589614988282,1
208.0,259.3773629769139,210.5524822897785,0.0055283690557073085,0.1516123378382639,500003000.0,4.341675997273949,1.0988238757114855e-05,6.577738007623426e-05,1.3137573918561446e-08,5.5712617209384524e-08,0.002778724444301764,4.746189453775956e-09,9.966755890526317e-06,1.2059889095688162e-11,0.024792959108498994,-0.07520704089150101,1
210.0,259.2269488951309,207.88462795577,0.005952985712507284,0.15381043225103994,500003000.0,4.383489786917922,1.1016175728401344e-05,6.588897655425843e-05,1.3968485643244313e-08,5.579823901208912e-08,0.0027999726211059587,4.816329927756511e-09,1.0651076650464311e-05,1.2236161913156935e-11,0.026495250053177752,-0.07350474994682225,1
212.0,259.0799393952372,205.55189728550118,0.005206030769796669,0.15462790600153892,500003000.0,4.422131263812938,1.1040300932713217e-05,6.599975630219772e-05,1.206260215593574e-08,5.538987396964978e-08,0.0028184085885864093,4.883335589240427e-09,9.238156203583265e-06,1.2294924617647068e-11,0.02298052273907913,-0.07701947726092087,1
214.0,258.92590044071534,202.6901763553524,0.0065286605375175525,0.1579062885606077,500003000.0,4.460344244115745,1.107017099399038e-05,6.611140152667013e-05,1.4935030638581574e-08,5.5822612236201376e-08,0.002841346553552135,4.95057239161133e-09,1.1499984378335116e-05,1.2540373214717538e-11,0.028606961676871125,-0.07139303832312888,1
216.0,258.7831143640691,200.81494110669453,0.004190565511129649,0.1568457409404428,500003000.0,4.493763929377934,1.108910450515924e-05,6.622092961386363e-05,9.46675558443005e-09,5.4764043596748506e-08,0.002855950319453459,5.01249575961788e-09,7.314364371702503e-06,1.243585092698979e-11,0.018194971315878394,-0.08180502868412161,1
218.0,258.61950430670083,197.26293054586398,0.008339354173821322,0.16350249625824043,500003000.0,4.529788462294889,1.1126294647848375e-05,6.63335210505356e-05,1.8595071344567816e-08,5.6295718335981805e-08,0.0028847812708995843,5.078494872917197e-09,1.4463767654101539e-05,1.2930001863703231e-11,0.03597955798893446,-0.06402044201106555,1
220.0,258.4914634226787,196.71857175543974,0.000973058827129459,0.15646314600523806,500003000.0,4.556360959457039,1.113058128683819e-05,6.644004592647132e-05,2.1433194949077358e-09,5.326243796786605e-08,0.002888116823608902,5.132935877575845e-09,1.6684188180535827e-06,1.2344633795481378e-11,0.00415033037793645,-0.09584966962206355,1
222.0,258.2997640834346,190.92161056957767,0.014070712821156425,0.1738139698890918,500003000.0,4.59361364458502,1.1191720789211386e-05,6.655648739507046e-05,3.056975118659863e-08,5.822073429957062e-08,0.0029359713949323627,5.202158622521688e-09,2.405847591924535e-05,1.3651869568246838e-11,0.05984699351991218,-0.04015300648008783,1
224.0,258.2194580704744,190.77373239414186,-0.00928378932811818,0.14768969578250724,0.0,4.608355195880954,1.1191720789211386e-05,6.665465241589007e-05,0.0,4.90825104098027e-08,0.0,5.2419792165901915e-09,0.0,1.158011437195288e-11,3.265477027872086e-08,-0.09999996734522973,1
226.0,258.0194581357839,188.10990138220896,0.006404184748797808,0.16816659098848685,500003000.0,4.6429637728139035,1.1218857610924827e-05,6.676457049408497e-05,1.3568410856720256e-08,5.495903909745127e-08,0.0029573799722354683,5.307517299988101e-09,1.0730222607599062e-05,1.3107073795657292e-11,0.026692132999447553,-0.07330786700055245,1
228.0,257.8728424017828,186.23844016833849,0.004435591159736496,0.16756953222778795,500003000.0,4.6665177596340355,1.1237414774425219e-05,6.68726947187595e-05,9.278581750196075e-09,5.4062112337261435e-08,0.002972079707411663,5.360401745432267e-09,7.362018334344646e-06,1.300058159252479e-11,0.018313515103989896,-0.0816864848960101,1
230.0,257.7094694319908,183.01984863064305,0.007964177446771728,0.17356148158360415,500003000.0,4.691059570612462,1.1270297725335563e-05,6.698310613897502e-05,1.6441475455172074e-08,5.520571010775835e-08,0.0029982468495877166,5.415327685592395e-09,1.3121818922820615e-05,1.3389510919173974e-11,0.032641378361119876,-0.06735862163888012,1
232.0,257.57475218871303,182.24742843392696,0.0016519497522423851,0.16776337866478763,500003000.0,4.710016838797195,1.1277033866163716e-05,6.708854950736991e-05,3.3680704140767736e-09,5.27216841974493e-08,0.003003626127195467,5.462929697398118e-09,2.6912460530004195e-06,1.2879165956663801e-11,0.006694678240853105,-0.0933053217591469,1
234.0,257.38814154519474,177.18216885946677,0.012973041095939698,0.1831381927418605,500003000.0,4.73447804286851,1.132920532513905e-05,6.72018234525111e-05,2.608572948766713e-08,5.663697257059543e-08,0.0030455067250478585,5.519163042001283e-09,2.103702659696329e-05,1.395447339505742e-11,0.05233095128297098,-0.047669048717029025,1
236.0,257.29280344776066,177.0444379725912,-0.007357568356321855,0.16048330562312196,0.0,4.746210902371922,1.132920532513905e-05,6.73001849611414e-05,0.0,4.918075431514496e-08,0.0,5.5571708755188706e-09,0.0,1.2182991280364711e-11,3.4354823172690145e-08,-0.09999996564517684,1
238.0,257.0928035164703,173.74883876935746,0.008493771952827073,0.18134330973467008,500003000.0,4.7692475296481645,1.1362495679895288e-05,6.740944887356011e-05,1.664517737811883e-08,5.4631956209356007e-08,0.00307243294087502,5.611385915323861e-09,1.350262989504907e-05,1.3643235246209476e-11,0.03358867005228991,-0.0664113299477101,1
240.0,256.95998085657493,173.34838633831833,0.0007221384241175969,0.17377650779043055,500003000.0,4.783432123922019,1.13652909368803e-05,6.751290073066134e-05,1.3976284925066221e-09,5.172592855061244e-08,0.0030747010216269815,5.654026830595058e-09,1.1343193353248204e-06,1.2995729025006187e-11,0.002821726535530456,-0.09717827346446956,1
242.0,256.765624309646,167.83492232283902,0.014720018088321222,0.19247882535331512,500003000.0,4.802696156505602,1.1421463025641538e-05,6.762557375903057e-05,2.808604438061928e-08,5.6336514184616853e-08,0.0031205161451858606,5.705266626248658e-09,2.302059414298359e-05,1.4258577769497638e-11,0.05726519976743122,-0.04273480023256879,1
244.0,256.68015470918084,167.70414591737995,-0.010521908441771451,0.16379562993456687,0.0,4.810637668015224,1.1421463025641538e-05,6.772065259201035e-05,0.0,4.753941648989024e-08,0.0,5.738838407237222e-09,0.0,1.2085871241678611e-11,3.408095432728078e-08,-0.09999996591904568,1
246.0,256.48015477734276,165.6564080355368,0.005367373717393936,0.18481876278692433,500003000.0,4.828038113005537,1.1441427333291313e-05,6.782609994990733e-05,9.982153824887304e-09,5.272367894848875e-08,0.0031369084157673033,5.786542822111681e-09,8.210453493768345e-06,1.3494266640718821e-11,0.02042405171857962,-0.07957594828142038,1
248.0,256.32100288077993,163.26121712515524,0.006406229542683774,0.18790588106749945,500003000.0,4.84077295667097,1.1464940304386221e-05,6.79317952434605e-05,1.1756485547454546e-08,5.284764677658431e-08,0.003156287917141558,5.82897153363326e-09,9.709650193455586e-06,1.3603972671833806e-11,0.02415339705203733,-0.07584660294796268,1
250.0,256.169309674884,161.5437793902824,0.004543358476668195,0.18748186272842476,500003000.0,4.852059039949162,1.1481398479846099e-05,6.803582051094106e-05,8.229087729938831e-09,5.201263374028085e-08,0.003169900202597586,5.869443169136636e-09,6.815908421290872e-06,1.3461373531900153e-11,0.016955034032596787,-0.08304496596740321,1
252.0,256.00321974294917,158.66900383900366,0.007926592936333481,0.19343389805906913,500003000.0,4.863526700989479,1.1509724516178071e-05,6.814156758862993e-05,1.416301816598663e-08,5.287353884443737e-08,0.0031934197456585534,5.910791092948009e-09,1.1788760488352965e-05,1.3759198100976269e-11,0.029325313646218737,-0.07067468635378127,1
254.0,255.8618703702416,157.9219063007621,0.0018186668400662347,0.18785590878662983,500003000.0,4.872601688916072,1.151614063566629e-05,6.824294724326507e-05,3.208059744109197e-09,5.068982731756997e-08,0.0031987632584233178,5.948290638596139e-09,2.673245481694231e-06,1.3254900505557222e-11,0.006649901759824488,-0.09335009824017551,1
256.0,255.67517017376124,153.41384241282844,0.012890901229605732,0.2031965410651376,500003000.0,4.883691998604675,1.1560972183335431e-05,6.835080563295132e-05,2.2415773834570913e-08,5.392919484312758e-08,0.003236266577717505,5.990142098402985e-09,1.8824563849153835e-05,1.417877393124943e-11,0.04682731323933324,-0.05317268676066676,1
258.0,255.56882480023992,153.29378272743102,-0.007166440687159249,0.18060759940140142,0.0,4.889581855919362,1.1560972183335431e-05,6.84457018558086e-05,0.0,4.744811142864125e-08,0.0,6.0223807544365335e-09,0.0,1.252455239793669e-11,3.531799153806227e-08,-0.09999996468200847,1
260.0,255.3688248708759,150.19985843769038,0.00893963904677662,0.20212697127091223,500003000.0,4.899879120601743,1.159124666015326e-05,6.855004870770291e-05,1.513723840891414e-08,5.21734259471525e-08,0.0032617574451767996,6.062707477743323e-09,1.2778780797432987e-05,1.3842975705737698e-11,0.03178805096972698,-0.06821194903027303,1
262.0,255.23240097281536,150.06953059211062,3.8459427075080655e-05,0.19312434311571128,500003000.0,4.906357202439269,1.1591375252356277e-05,6.864849519225978e-05,6.429610150853666e-11,4.9223242278433945e-08,0.003261866003274411,6.0969154663314705e-09,5.427965097009788e-08,1.3115070314791238e-11,0.0001350609905816088,-0.0998649390094184,1
264.0,255.0326710947965,144.66622034772166,0.016202823479437346,0.21479801882905541,500003000.0,4.915105939335122,1.1644748152477408e-05,6.875606058115734e-05,2.668645006056538e-08,5.3782694448780715e-08,0.003307131928000064,6.136543041070355e-09,2.2737016692327194e-05,1.4400468114084746e-11,0.056559783623626486,-0.04344021637637352,1
266.0,254.94579066204378,144.55272972237032,-0.013147612185081353,0.18072187401225828,0.0,4.918656091472202,1.1644748152477408e-05,6.884577784947314e-05,0.0,4.4858634157900217e-08,0.0,6.165046214423892e-09,0.0,1.2051089899981664e-11,3.3982874404525406e-08,-0.0999999660171256,1
268.0,254.74579073000953,143.4997851301913,0.002953294546503852,0.20235238185229198,500003000.0,4.926282858019145,1.1654225639963383e-05,6.894446394143806e-05,4.7387437429875305e-09,4.9343045982462476e-08,0.0033152133784065526,6.201196413820896e-09,4.044012997239849e-06,1.331445205172757e-11,0.010059771369409687,-0.08994022863059031,1
270.0,254.56591027274834,139.92405092759344,0.010985369059006116,0.2141305452875161,500003000.0,4.9325380264973875,1.1688975956213869e-05,6.90472054707388e-05,1.737515812524345e-08,5.137076465037086e-08,0.0033449575861921113,6.2368701978149005e-09,1.4916405132502062e-05,1.3920597752039607e-11,0.03710552465893452,-0.06289447534106549,1
272.0,254.4401213220662,139.8140621290705,-0.003596952467110773,0.19810138423388918,0.0,4.936598190089766,1.1688975956213869e-05,6.914112964538829e-05,0.0,4.6962087324747084e-08,0.0,6.267511467695639e-09,0.0,1.277107080970618e-11,3.601314893005703e-08,-0.09999996398685107,1
274.0,254.2401213940925,135.77656394735826,0.012735627919456368,0.22014068557925395,500003000.0,4.942562358207915,1.1728163867284144e-05,6.924364080655622e-05,1.959395553513747e-08,5.12555805839607e-08,0.0033787129427859117,6.303035989131432e-09,1.6934198374806024e-05,1.399691431450301e-11,0.042124911049025104,-0.0578750889509749,1
276.0,254.12437121619055,135.66970269773873,-0.0067460212208031115,0.19803380076538063,0.0,4.945757162437698,1.1728163867284144e-05,6.93348354303861e-05,0.0,4.559731191493911e-08,0.0,6.332062615542792e-09,0.0,1.2492639480007869e-11,3.522800028491771e-08,-0.09999996477199972,1
278.0,253.92437128664656,132.67624742625398,0.00958242003498176,0.22012858098402255,500003000.0,4.95086832675757,1.1756851768635825e-05,6.943438929397106e-05,1.4343950675840634e-08,4.9776931792479265e-08,0.003403567337147757,6.365949382503891e-09,1.2457570181208754e-05,1.3691087288130833e-11,0.03098901915777439,-0.06901098084222562,1
280.0,253.78634932496212,132.57168701419124,-0.0009602245693663997,0.2090286649225967,0.0,4.954114535376717,1.1756851768635825e-05,6.952769862474559e-05,0.0,4.665466538726749e-08,0.0,6.395839416551244e-09,0.0,1.287526066958122e-11,3.630695396775441e-08,-0.09999996369304603,1
282.0,253.58634939757602,127.89434646362969,0.01551468242727983,0.23138773276923325,500003000.0,4.958444822374406,1.1802000131708385e-05,6.962912446632597e-05,2.2574181536280185e-08,5.071292079018862e-08,0.003442928984619579,6.4294856682990915e-09,1.975630479104377e-05,1.4048345426594859e-11,0.04914507640857748,-0.050854923591422525,1
284.0,253.48463955039318,127.79343473151162,-0.011723554416580937,0.19955925198330243,0.0,4.9604889896274305,1.1802000131708385e-05,6.971572269946965e-05,0.0,4.329911657184568e-08,0.0,6.456165226473645e-09,0.0,1.2029406276970524e-11,3.392172874520842e-08,-0.09999996607827126,1
286.0,253.28463961823664,126.36557874759261,0.004619398896117005,0.22179788252774774,500003000.0,4.964222053386943,1.1815083041505031e-05,6.981023355887185e-05,6.541454898322701e-09,4.7255429701103394e-08,0.0034543914857736685,6.487336381172485e-09,5.7376015113796385e-06,1.3174080045845113e-11,0.014272677725166116,-0.08572732227483389,1
288.0,253.11318497368697,123.94545731558571,0.00816770619601582,0.22818286644144303,500003000.0,4.967142093233999,1.1837884532031682e-05,6.990592529642046e-05,1.1400745263325648e-08,4.784586877430506e-08,0.003474429612910034,6.517882011428502e-09,1.0038386549123784e-05,1.3383145681122121e-11,0.024971148557855045,-0.07502885144214497,1
290.0,252.9631272708027,123.36056285686085,0.0017367126213337018,0.22215073860390222,500003000.0,4.9695026838132,1.1842667355383694e-05,6.999777409928774e-05,2.391411676005711e-09,4.592440143363621e-08,0.0034786426033045765,6.546716943441702e-09,2.1073461632978396e-06,1.2885583613982257e-11,0.005242190971132897,-0.0947578090288671,1
292.0,252.77361165274496,119.52598751895714,0.013460029903271085,0.23875987284834296,500003000.0,4.972244543212092,1.187917668823543e-05,7.009477087082717e-05,1.825466642586818e-08,4.849838576971906e-08,0.003510914434961937,6.577597374844647e-09,1.618560954400179e-05,1.3653066453886074e-11,0.04026274880875105,-0.05973725119124895,1
294.0,252.65413715036246,119.4313684294257,-0.007845235526803428,0.2141435917279454,0.0,4.97384560725234,1.187917668823543e-05,7.018075839548421e-05,0.0,4.2993762328519556e-08,0.0,6.603959729493723e-09,0.0,1.2137047882995102e-11,3.422526736359017e-08,-0.09999996577473264,1
296.0,252.454137218813,116.98457598591142,0.008688679545491008,0.23680597336837256,500003000.0,4.976322739830673,1.1902090384221756e-05,7.027410400842585e-05,1.145684799316389e-08,4.667280647082279e-08,0.0035312702147666164,6.633648184898771e-09,1.019750937037109e-05,1.3217286038631654e-11,0.025366976003697868,-0.07463302399630214,1
298.0,252.3048711708204,116.65205933905017,0.0008979302091764482,0.22905496908078282,500003000.0,4.978018027409326,1.1904426215357915e-05,7.036311619918247e-05,1.1679155680790705e-09,4.450609537830681e-08,0.0035333496990120846,6.6611560042652155e-09,1.039946162786051e-06,1.2639948049616936e-11,0.0025869663965949253,-0.09741303360340509,1
300.0,252.1100451036136,112.57012637332727,0.015087586730790548,0.24886763531578257,500003000.0,4.9800502261516915,1.1943067189505913e-05,7.045808390632089e-05,1.932048707399905e-08,4.7483853569212976e-08,0.0035678685558010654,6.690894054272556e-09,1.73153907334588e-05,1.3527593254279245e-11,0.04307314942372764,-0.056926850576272364,1
302.0,251.99619140246105,112.48078094375771,-0.010683124657083803,0.21852394489007482,0.0,4.981150021513301,1.1943067189505913e-05,7.054053780850565e-05,0.0,4.122695109238002e-08,0.0,6.715894516746746e-09,0.0,1.1775180487075167e-11,3.320483731380201e-08,-0.0999999667951627,1
304.0,251.79619146887072,110.87113285801335,0.005904715055719449,0.24139110899628782,500003000.0,4.982937712262224,1.1957769963844314e-05,7.062993670768568e-05,7.351387169201072e-09,4.469944959001055e-08,0.0035810616922745133,6.743880322129829e-09,6.6046857540252046e-06,1.280396468770886e-11,0.0164296026582079,-0.08357039734179211,1
306.0,251.62905067418714,109.2382984383126,0.0060756028929309785,0.243641513401183,500003000.0,4.984301363492557,1.1972679614288721e-05,7.071874304871493e-05,7.454825222203434e-09,4.44031705146288e-08,0.0035944736357984733,6.771203042124782e-09,6.714329686576431e-06,1.2754591087465749e-11,0.016702348619852956,-0.08329765138014705,1
308.0,251.46245537142684,107.69671979573519,0.005795060280593963,0.24532991276789864,500003000.0,4.985552416370675,1.1986695101055067e-05,7.08067526171786e-05,7.007743383173002e-09,4.4004784231826525e-08,0.0036071117326008087,6.798220745754521e-09,6.326442734229741e-06,1.2674818121994029e-11,0.015737455478615832,-0.08426254452138418,1
310.0,251.29393028238408,106.04098178923324,0.006334574390301349,0.24806072095071038,500003000.0,4.986716825454496,1.2001792007731502e-05,7.089431860193669e-05,7.548453338217665e-09,4.378299237904965e-08,0.0036207580738887267,6.8250674877684405e-09,6.831760628442152e-06,1.2645098381492959e-11,0.01699446508190467,-0.08300553491809534,1
312.0,251.12791921254788,104.63882055864288,0.00538634337010046,0.24891772183639801,500003000.0,4.987772295211118,1.2014442760223107e-05,7.098079767418316e-05,6.32537624580243e-09,4.3239536123233487e-08,0.003632219765590367,6.8515241102608814e-09,5.736884452318803e-06,1.2521276203095579e-11,0.014270892155317181,-0.08572910784468282,1
314.0,250.9564609968585,102.83142366578134,0.0071373516687965495,0.2531992375028668,500003000.0,4.988774633397398,1.2030958258678916e-05,7.106732879384885e-05,8.257749227904423e-09,4.32655598328477e-08,0.003647219317512753,6.877994211887985e-09,7.510080707360758e-06,1.2561901867775414e-11,0.018681828227693324,-0.08131817177230669,1
316.0,250.7938246533139,101.7974967711452,0.003994619891734483,0.25128323804072306,500003000.0,4.989649516064471,1.2040068195682696e-05,7.115186629220866e-05,4.554968501889515e-09,4.226874917990189e-08,0.0036555107028207246,6.903778893337361e-09,4.148831013010125e-06,1.2303855695262296e-11,0.010320509852390402,-0.0896794901476096,1
318.0,250.61446567301869,99.42813626754429,0.009721019703281267,0.2606354422920222,500003000.0,4.990535657028689,1.2061900403984067e-05,7.123805272121852e-05,1.0916104150685275e-08,4.3093214504927275e-08,0.0036754323525776287,6.930127530211689e-09,9.978875885830587e-06,1.2576486616272826e-11,0.024823109807303022,-0.07517689019269698,1
320.0,250.4641118926333,99.34873842803735,-0.0006174246112505256,0.24956853234721416,0.0,4.99121986689557,1.2061900403984067e-05,7.131937581055833e-05,0.0,4.066154466991073e-08,0.0,6.954841660317782e-09,0.0,1.1895558603639738e-11,3.354429162459206e-08,-0.09999996645570838,1
322.0,250.26411195972187,95.5114513809086,0.01638089891368417,0.2733158946144058,500003000.0,4.99205407893851,1.2097588450376715e-05,7.140674924148874e-05,1.7844023196323786e-08,4.368671546520406e-08,0.003708152937354511,6.981600817426352e-09,1.64086505259508e-05,1.281404958112817e-11,0.04081757475611295,-0.05918242524388705,1
324.0,250.1457471092341,95.43508420708024,-0.012592511996958575,0.23845381793369255,0.0,4.992510008784716,1.2097588450376715e-05,7.148207597680032e-05,0.0,3.766336765578692e-08,0.0,7.0043583909565364e-09,0.0,1.1071631104716865e-11,3.122089806046527e-08,-0.09999996877910194,1
326.0,249.9457471716759,94.41064563809245,0.004252395713510272,0.2620519242297636,500003000.0,4.993221809222337,1.2106587328971315e-05,7.156328703925095e-05,4.4994392973003585e-09,4.060553122531387e-08,0.0037164341033866823,7.029260603858617e-09,4.143662254991417e-06,1.1965361266215977e-11,0.01030765129085808,-0.08969234870914193,1
328.0,249.76636247425762,92.26360156810779,0.009412011221942967,0.2707666921075957,500003000.0,4.993802573195392,1.2126198008162391e-05,7.16457496221981e-05,9.805339595538121e-09,4.123129147357531e-08,0.00373452340846024,7.054408533223428e-09,9.059295474836551e-06,1.2179188965463506e-11,0.02253559522677901,-0.077464404773221,1
330.0,249.61143366471117,92.16108959647954,0.00013181477769436483,0.2609951239555615,500003000.0,4.9942639996451375,1.2126468721160286e-05,7.172403254057484e-05,1.3535649894774916e-10,3.914145918837116e-08,0.003734773529709363,7.078211532575373e-09,1.2506341647393054e-07,1.1588229970431186e-11,0.00031113570371001244,-0.09968886429629,1
332.0,249.4120559361186,88.46352077853992,0.016907967909579266,0.28465168789238154,500003000.0,4.994807671985601,1.2160623119701894e-05,7.180777865114727e-05,1.707719927080434e-08,4.187305528621912e-08,0.003766419647560683,7.103807619258584e-09,1.5867582991201978e-05,1.2427266297804916e-11,0.03947163452425635,-0.06052836547574365,1
334.0,249.2909992051671,88.39254624059149,-0.01330096133812386,0.24796652405224553,0.0,4.995112334518692,1.2160623119701894e-05,7.187984312120463e-05,0.0,3.603223502867674e-08,0.0,7.125651303980143e-09,0.0,1.0715930838265851e-11,3.021785870213475e-08,-0.0999999697821413,1
336.0,249.09099926560282,87.55823264430654,0.003667818887828215,0.27191472822691154,500003000.0,4.995577045808721,1.2167816411256405e-05,7.195735109877926e-05,3.5966457772548227e-09,3.8753988787317866e-08,0.0037731073765481927,7.149391989844124e-09,3.345842077409312e-06,1.155131975176028e-11,0.008323022815884037,-0.09167697718411597,1
338.0,248.90764531123457,85.30462038411144,0.010630233130202968,0.28303666298857255,500003000.0,4.995964184620439,1.2188334853626678e-05,7.203659196061097e-05,1.025922118513636e-08,3.9620430915857575e-08,0.0037922272185676414,7.173593049883551e-09,9.576032728048202e-06,1.1836519751245185e-11,0.023821010313251224,-0.07617898968674879,1
340.0,248.75528733186107,85.236032683859,-0.001854003326635778,0.26907646394172446,0.0,4.996259988915334,1.2188334853626678e-05,7.2110789259074e-05,0.0,3.709864923151844e-08,0.0,7.196208227061497e-09,0.0,1.1106643300778784e-11,3.131962896955928e-08,-0.09999996868037103,1
342.0,248.55528739450034,82.09157435360194,0.015398673549202177,0.29353826982521464,500003000.0,4.996615657017107,1.2217141547937405e-05,7.219016305217654e-05,1.4403347155363544e-08,3.968689655126873e-08,0.003819179199314901,7.220511394611766e-09,1.350781530371062e-05,1.190853476358402e-11,0.03360156418712843,-0.06639843581287158,1
344.0,248.4224905228746,82.02548166833834,-0.0103229772939174,0.26240791933141683,0.0,4.9968329364316775,1.2217141547937405e-05,7.226017133192346e-05,0.0,3.500413987346725e-08,0.0,7.241853507347151e-09,0.0,1.0524256244145473e-11,2.96773554188142e-08,-0.09999997032264459,1
346.0,248.2224905822293,80.63340274411019,0.00683725486177639,0.28680859314576174,500003000.0,4.997134149547676,1.2229548081891882e-05,7.233520309635499e-05,6.203266977238416e-09,3.751588221576513e-08,0.0038308261733216824,7.264873706321304e-09,5.8293987653624286e-06,1.1303547979911304e-11,0.014501023828518454,-0.08549897617148156,1
348.0,248.05149262988635,79.58932571695787,0.005122681067221809,0.28676403657386373,500003000.0,4.997368870709647,1.2238700203486782e-05,7.240895635149907e-05,4.576060797450079e-09,3.687662757203695e-08,0.0038394331384231386,7.287460536577723e-09,4.3067023075285416e-06,1.113413236542511e-11,0.010713221216868135,-0.08928677878313188,1
350.0,247.8729190723201,77.97410282048946,0.008231468987605097,0.29299584365673503,500003000.0,4.997593505046514,1.2253173753577521e-05,7.248298514711411e-05,7.236775045369396e-09,3.701439780752514e-08,0.0038530708541450382,7.310163435187913e-09,6.826918698637357e-06,1.1199095768981707e-11,0.016982416402816718,-0.08301758359718328,1
352.0,247.70688390512572,77.40796943125865,0.002711144554543832,0.2880015047497949,500003000.0,4.997785133628987,1.2257868166127795e-05,7.255455117348496e-05,2.3472062751367043e-09,3.5783013185421075e-08,0.0038575010944795866,7.3321190093755444e-09,2.2159687115078722e-06,1.0848333024439259e-11,0.005512390570094996,-0.09448760942990501,1
354.0,247.5179086862659,75.03630841239539,0.012614373369698704,0.30312237436161477,500003000.0,4.997984747691209,1.2279351467149738e-05,7.26284705690511e-05,1.0741650510971724e-08,3.6959697783074125e-08,0.003877818783470492,7.35484573013511e-09,1.0176638618502771e-05,1.1228360171861942e-11,0.025315053101920053,-0.07468494689807995,1
356.0,247.36853879246976,74.97563844923063,-0.005020428041480868,0.2822947438699851,0.0,4.9981297194215575,1.2279351467149738e-05,7.269627586562812e-05,0.0,3.3902648288510866e-08,0.0,7.375678156802553e-09,0.0,1.0319167775589951e-11,2.9099026344300417e-08,-0.09999997090097366,1
358.0,247.16853885066783,72.71056574803185,0.01240515756966992,0.30729845156142677,500003000.0,4.998307639859673,1.2299817264320167e-05,7.276863191718747e-05,1.0232898585214486e-08,3.6178025779673446e-08,0.003897240411437987,7.397986902432476e-09,9.726989849222465e-06,1.1034063187218146e-11,0.024196523277205208,-0.0758034767227948,1
360.0,247.01693189722224,72.65169252806383,-0.004540975368540645,0.2873166298961776,0.0,4.998431146151395,1.2299817264320167e-05,7.283524788820374e-05,0.0,3.330798550813345e-08,0.0,7.418506250685061e-09,0.0,1.017757909202508e-11,2.8699760345073707e-08,-0.09999997130023966,1
362.0,246.81693195462177,70.35924429021844,0.012951460436433629,0.3124921123439579,500003000.0,4.998580399905447,1.2320509852926045e-05,7.290626635006415e-05,1.0346294302938518e-08,3.550923093020278e-08,0.0039169430797558295,7.440449964852157e-09,9.867898249694812e-06,1.0871685079494757e-11,0.024547041228450295,-0.07545295877154971,1
364.0,246.66602603707867,70.30219385147772,-0.005402502265163013,0.2906056980490159,0.0,4.998683544517698,1.2320509852926045e-05,7.297130057135306e-05,0.0,3.251711064445283e-08,0.0,7.46053287962434e-09,0.0,9.973577470067477e-12,2.812449606982212e-08,-0.09999997187550394,1
366.0,246.46602609332766,68.21528736266843,0.012133370149769911,0.3159197114623888,500003000.0,4.998808791940675,1.2339281048783174e-05,7.304059411754407e-05,9.385597928564368e-09,3.464677309550389e-08,0.00393487361637965,7.481994098968845e-09,8.978920615483675e-06,1.0647241646133077e-11,0.022335653445763194,-0.07766434655423682,1
368.0,246.31069740021917,68.15989550726857,-0.0038394929289482385,0.2971114998797619,0.0,4.998897785404749,1.2339281048783174e-05,7.310473458996532e-05,0.0,3.207023621063162e-08,0.0,7.501855866645464e-09,0.0,9.872942881641618e-12,2.7840716543853078e-08,-0.09999997215928347,1
370.0,246.1106974559006,65.86790248005506,0.013783640550968767,0.3226289641201114,500003000.0,4.99900265404151,1.2359921286550181e-05,7.317299258351731e-05,1.032011888350383e-08,3.4128996775995966e-08,0.003954652561958347,7.523046791015527e-09,9.906005945225833e-06,1.0526590369384643e-11,0.024641835517832528,-0.07535816448216748,1
372.0,245.95998112693627,65.81434046510087,-0.006643717750691301,0.29787878551464825,0.0,4.999075036734176,1.2359921286550181e-05,7.323504391408312e-05,0.0,3.102566528289961e-08,0.0,7.542311058483725e-09,0.0,9.585788682036787e-12,2.7030970273524633e-08,-0.09999997296902974,1
374.0,245.7599811809982,64.03240841346972,0.010988863107899826,0.32348657203731535,500003000.0,4.9991630438700625,1.2375849961422636e-05,7.330107865101906e-05,7.964337436227716e-09,3.3017368467970975e-08,0.0039699617833139,7.562864903233692e-09,7.664471212029543e-06,1.0219736262233611e-11,0.01906587760478251,-0.0809341223952175,1
376.0,245.59811293620777,63.98026219130199,-0.0015946439732675178,0.3090701631830714,0.0,4.999228103443193,1.2375849961422636e-05,7.336312872622384e-05,0.0,3.102503760238791e-08,0.0,7.582185955818003e-09,0.0,9.619448153529943e-12,2.7125886633934186e-08,-0.09999997287411337,1
378.0,245.39811299045954,61.459452374279195,0.016189113830039945,0.33497738865907567,500003000.0,4.999301548832565,1.2398548038336779e-05,7.342902472151104e-05,1.1349038457071088e-08,3.294799764360283e-08,0.003991845338981198,7.602747346630225e-09,1.0961833464700174e-05,1.0234180664051405e-11,0.027268271308874062,-0.07273172869112594,1
380.0,245.2526495330773,61.409331032004495,-0.010625521597177211,0.3015869922150523,0.0,4.999350538644023,1.2398548038336779e-05,7.348746153480771e-05,0.0,2.9218406648333187e-08,0.0,7.620987894533025e-09,0.0,9.090249630912353e-12,2.5633599456722e-08,-0.09999997436640055,1
382.0,245.0526495843445,60.31736359644483,0.007055902697531717,0.3274210800645825,500003000.0,4.999412335784433,1.2408123907161609e-05,7.354962228572349e-05,4.787934412415627e-09,3.1080375457892434e-08,0.004001101644897078,7.640437767659827e-09,4.631726535738081e-06,9.686018789832309e-12,0.011521735113952691,-0.08847826488604732,1
384.0,244.8756930545724,59.464864010911135,0.005527737765623401,0.3276829608214803,500003000.0,4.9994620920707415,1.2415502518279235e-05,7.361070770355102e-05,3.6893055588132572e-09,3.054270891376425e-08,0.004008243771941804,7.659566729609873e-09,3.5731866689564457e-06,9.534370378702745e-12,0.008888550938106235,-0.09111144906189377,1
386.0,244.6934701564486,58.235988455562556,0.008252163035795889,0.33363354425693426,500003000.0,4.999508930664855,1.242633305331326e-05,7.36717440076232e-05,5.415267517012531e-09,3.05181520360947e-08,0.004018742574962772,7.678707880819341e-09,5.2539794399672715e-06,9.542599175744562e-12,0.013069627506113674,-0.08693037249388633,1
388.0,244.51960941146083,57.691380888411835,0.003532015718646465,0.3296277382491351,500003000.0,4.999549812962785,1.2430892854771438e-05,7.373097051068398e-05,2.2799007290893934e-09,2.9613251530393565e-08,0.004023168191073268,7.697305014188719e-09,2.21361993846399e-06,9.274619386366281e-12,0.005506543413364493,-0.09449345658663551,1
390.0,244.33062249828757,56.00592140956689,0.011827303508702062,0.3430741063460515,500003000.0,4.999590401342368,1.2445898660602151e-05,7.379142014625181e-05,7.502902915356133e-09,3.0224817783911124e-08,0.004037755345848093,7.716315497608863e-09,7.30237820072193e-06,9.481762083565637e-12,0.018165146639918976,-0.08183485336008103,1
392.0,244.1669527915674,55.96004431799085,-0.0025975984044608134,0.32602572344700764,0.0,4.999622583489485,1.2445898660602151e-05,7.384789250707263e-05,0.0,2.8236180410405075e-08,0.0,7.734094664572965e-09,0.0,8.871531123482713e-12,2.5016835028805978e-08,-0.09999997498316497,1
394.0,243.96695284160108,53.84711929350039,0.015414612120366305,0.35258697203879,500003000.0,4.999658496957479,1.246480037486439e-05,7.39077145128672e-05,9.450857131119604e-09,2.991100289728813e-08,0.00405617984068638,7.752961073169422e-09,9.226231071399293e-06,9.413043387308079e-12,0.022950850104540493,-0.07704914989545951,1
396.0,243.81285454181017,53.802946533722334,-0.008708377475615077,0.32242277429400285,0.0,4.99968381973707,1.246480037486439e-05,7.396153917664314e-05,0.0,2.6912331887969576e-08,0.0,7.769951478998846e-09,0.0,8.481739913098208e-12,2.391766260071674e-08,-0.0999999760823374,1
398.0,243.61285458964548,52.55828209147893,0.009254823623926248,0.3489912960143395,500003000.0,4.999713906538787,1.2475772664425878e-05,7.40186018861804e-05,5.4861447807438525e-09,2.853135476862699e-08,0.004066900774784738,7.78799621168277e-09,5.365184279850416e-06,9.005928666172102e-12,0.013346254947689434,-0.08665374505231058,1
400.0,243.43954709954085,52.24593200029366,0.002110455107092814,0.34168610224711554,500003000.0,4.999737652607961,1.2478233335946903e-05,7.407346363177279e-05,1.2303357605122523e-09,2.7430872796191467e-08,0.004069307667195064,7.805363243951465e-09,1.2036835524754646e-06,8.671442475159039e-12,0.0029942621453299865,-0.09700573785467002,1
402.0,243.2455356238315,50.379026304362895,0.014532499513609756,0.3608640129792704,500003000.0,4.999761905259871,1.2494875932182941e-05,7.413024137484235e-05,8.321298118019377e-09,2.838887153477661e-08,0.004085611467932852,7.823363524141048e-09,8.162767970708872e-06,8.988091416038633e-12,0.020305418307485824,-0.07969458169251419,1
404.0,243.08614646044649,50.33757495027459,-0.0068923212303559946,0.33417573738818646,0.0,4.999780142913546,1.2494875932182941e-05,7.418194102212364e-05,0.0,2.5849823640646332e-08,0.0,7.839771965928786e-09,0.0,8.195662714259649e-12,2.311095336538492e-08,-0.09999997688904665,1
406.0,242.88614650666838,48.933248888066124,0.011230895731359419,0.36114596560089074,500003000.0,4.999801064244526,1.2507303143049563e-05,7.42366552785152e-05,6.213605433310682e-09,2.735712819578347e-08,0.004097814054828685,7.857164745990766e-09,6.107359688470493e-06,8.686387973907072e-12,0.015192461530746021,-0.08480753846925398,1
408.0,242.71653142972988,48.8929257441645,-0.0010629523219236154,0.346798137492,0.0,4.99981723930263,1.2507303143049563e-05,7.428826107818665e-05,0.0,2.5802899835722044e-08,0.0,7.873587395480023e-09,0.0,8.2043131969216e-12,2.313534686574708e-08,-0.09999997686465315,1
410.0,242.51653147600058,46.83057004132369,0.017232185293161475,0.37410911365824323,500003000.0,4.999834630703429,1.2525712478960446e-05,7.434277162076288e-05,9.204667955440993e-09,2.7255271288113762e-08,0.004115935257770733,7.890959785397411e-09,9.073931108711588e-06,8.678863256742083e-12,0.022571992405649194,-0.07742800759435081,1
412.0,242.36167546081188,46.79192312977405,-0.011232411045480157,0.3376511514514869,0.0,4.999846951388889,1.2525712478960446e-05,7.439116346122875e-05,0.0,2.41959202329368e-08,0.0,7.906398656570807e-09,0.0,7.714730446065244e-12,2.1754772223033733e-08,-0.09999997824522779,1
414.0,242.16167550432144,45.96670568020682,0.006939086962287102,0.36485862058318747,500003000.0,4.999861515483484,1.2532874713359233e-05,7.444236283776754e-05,3.581117199393596e-09,2.559968826939537e-08,0.004122999802646053,7.922757600368595e-09,3.5342918150965904e-06,8.173576861554974e-12,0.008791793732993335,-0.09120820626700667,1
416.0,241.9792590917874,45.20031088240925,0.006537431336669452,0.36670969827779054,500003000.0,4.999873587201137,1.2539504795007047e-05,7.449283384317913e-05,3.3150408239073883e-09,2.5235502705799622e-08,0.004129546653923769,7.938902292363233e-09,3.275157025524251e-06,8.06824683439085e-12,0.008147179531564335,-0.09185282046843567,1
418.0,241.79555345085055,44.36602320001772,0.007276580187132073,0.37013037908280505,500003000.0,4.999884681008008,1.2546755018138462e-05,7.454278900753448e-05,3.6251115657077973e-09,2.49775821776776e-08,0.004136713790808712,7.9549022257363e-09,3.5856400285342978e-06,7.996516901398831e-12,0.008919525107925019,-0.09108047489207499,1
420.0,241.6133925010664,43.676158377230365,0.006068485617133078,0.37088371925839747,500003000.0,4.999894719979246,1.2552695732590052e-05,7.459188222276536e-05,2.97035722579511e-09,2.4546607615438405e-08,0.004142592603251877,7.970645665616746e-09,2.940797769991589e-06,7.868911700523208e-12,0.007315439527835554,-0.09268456047216445,1
422.0,241.42802338012206,42.774768230780566,0.00817956045692885,0.37620709365191135,500003000.0,4.999904039085486,1.2560561076025006e-05,7.464070357519353e-05,3.932671717477206e-09,2.4410676214084297e-08,0.004150384555154134,7.986321469059795e-09,3.898416605257479e-06,7.835597663937344e-12,0.009697575840027341,-0.09030242415997267,1
424.0,241.2474185318021,42.256650452881054,0.004644043632402797,0.3737592362066432,500003000.0,4.9999123247014605,1.2564948627199903e-05,7.46882775500117e-05,2.1937755874487895e-09,2.3786987409087167e-08,0.004154735408488622,8.001615263055847e-09,2.1761864807916667e-06,7.645148385724394e-12,0.005413420764507156,-0.09458657923549285,1
426.0,241.05824537333112,41.12881331731221,0.0106989165083368,0.3845477176868761,500003000.0,4.999920237361596,1.2574874149960691e-05,7.473624245168698e-05,4.9627613803942896e-09,2.3982450837641437e-08,0.004164589130785392,8.017053793595735e-09,4.930752035447491e-06,7.717885947715177e-12,0.012265574090654234,-0.08773442590934577,1
428.0,240.88277652151243,41.04492055220783,0.0004958381425109691,0.3728769389780934,500003000.0,4.999926936997385,1.257532620743371e-05,7.478188092998207e-05,2.2602873650874336e-10,2.2819239147543482e-08,0.004165038288676663,8.03176062290685e-09,2.2458701898570707e-07,7.352529683020563e-12,0.000558694909983472,-0.09944130509001653,1
430.0,240.6838939113324,39.25489907362847,0.017806917909078117,0.3992934915376849,500003000.0,4.999933852824149,1.2591256561157939e-05,7.482972009964675e-05,7.965176862114933e-09,2.3919584832340193e-08,0.004180887091347581,8.047195755031202e-09,7.934435684325591e-06,7.716943799947156e-12,0.019737423960828563,-0.08026257603917145,1
432.0,240.52336875925405,39.22225631980826,-0.01135517978177316,0.3612906596569917,0.0,4.99993895442961,1.2591256561157939e-05,7.487225854879268e-05,0.0,2.1269224572966724e-08,0.0,8.06093555042154e-09,0.0,6.8696945362639165e-12,1.9371855040569093e-08,-0.09999998062814497,1
434.0,240.32336879799777,38.51010285070364,0.007143545092778579,0.38941704737820826,500003000.0,4.99994476361846,1.2597423579918602e-05,7.491713210891875e-05,3.083509380331476e-09,2.2436780063029906e-08,0.004187033318178275,8.075447221966587e-09,3.0746183369456634e-06,7.255497966731437e-12,0.007648324780542683,-0.09235167521945732,1
436.0,240.13866544755885,37.84846542476173,0.006738422194629429,0.3913119274444873,500003000.0,4.999949636277644,1.2603136149605283e-05,7.496133096735163e-05,2.856284843340323e-09,2.2099429216439433e-08,0.0041927319995516,8.089756353907288e-09,2.8506325854971264e-06,7.154848864647827e-12,0.00709114601053184,-0.09290885398946816,1
438.0,239.9528477395799,37.131027332219034,0.007474723867969257,0.39480257835671373,500003000.0,4.99995410467954,1.2609358148402695e-05,7.500503416739187e-05,3.1109993987057555e-09,2.1851600020119846e-08,0.0041989447518749785,8.103921071796879e-09,3.1079094854490697e-06,7.082870256161261e-12,0.007731138095996995,-0.092268861904003,1
440.0,239.7683100157719,36.532555835499934,0.00629766649206111,0.3956288297607982,500003000.0,4.999958149861422,1.2614505598555955e-05,7.50479589316201e-05,2.573725076630602e-09,2.146238211411784e-08,0.004204089188981498,8.117849025696348e-09,2.5732684532587463e-06,6.9646815269005095e-12,0.0064011849463227,-0.0935988150536773,1
442.0,239.58111238566454,35.765527372950295,0.00832299539968198,0.40093668033272645,500003000.0,4.9999618892253626,1.262118405209994e-05,7.509058200691262e-05,3.3392267719923048e-09,2.1311537646257036e-08,0.004210769993399083,8.131694427253053e-09,3.3421703941447456e-06,6.923594435516904e-12,0.008313876225699995,-0.09168612377430001,1
444.0,239.39774013811595,35.30122117064079,0.004999938309268319,0.39876210805213463,500003000.0,4.999965228030606,1.2625123476537168e-05,7.513213378939222e-05,1.969712218614354e-09,2.0775891239793732e-08,0.004214714121366047,8.14520648973369e-09,1.9726794557493348e-06,6.757052500228403e-12,0.004907181879462809,-0.0950928181205372,1
446.0,239.20755450187488,34.36789000757463,0.010593372300237448,0.40909701163932394,500003000.0,4.999968382227045,1.2633314953321618e-05,7.517388610895167e-05,4.095738392224489e-09,2.0876159779726017e-08,0.0042229232620319,8.158798511069186e-09,4.107232898640204e-06,6.797216033802551e-12,0.01021701642777189,-0.08978298357222811,1
448.0,239.0279885347304,34.22587949737268,0.0013523253227605042,0.39860000122701916,500003000.0,4.999971097243904,1.2634341906927397e-05,7.521377390924084e-05,5.134768028894715e-10,1.9943900144580174e-08,0.004223953181453907,8.17179719090177e-09,5.150015705951152e-07,6.500571585748422e-12,0.0012811167652812558,-0.09871888323471875,1
450.0,238.83055076826096,32.820071012248185,0.016745497226289822,0.4227686783686619,500003000.0,4.9999738141649575,1.2646815179596862e-05,7.5255175427152e-05,6.2366363347324046e-09,2.0700758955580534e-08,0.0042364758483546565,8.185303596735417e-09,6.267512926817477e-06,6.754698096410195e-12,0.015590847223739402,-0.0844091527762606,1
452.0,238.66173246270844,32.79256624897147,-0.008683486103335301,0.3894121552758943,0.0,4.999975933763371,1.2646815179596862e-05,7.529260671183521e-05,0.0,1.871564234160697e-08,0.0,8.197527049275885e-09,0.0,6.113029859375816e-12,1.7238135941762252e-08,-0.09999998276186406,1
454.0,238.46173249718473,31.956229581576785,0.010208909608232905,0.41858294300023935,500003000.0,4.999978223958237,1.265414295186194e-05,7.533196810328156e-05,3.663886132538486e-09,1.9680695723167592e-08,0.00424384416692787,8.210394016505534e-09,3.6862935366729406e-06,6.43496793491271e-12,0.009169902565553709,-0.0908300974344463,1
456.0,238.28007230231583,31.753171509533512,0.0022667013536623545,0.4098581185007725,500003000.0,4.999980114702402,1.2655740275782929e-05,7.536974356684457e-05,7.986619604949883e-10,1.8887731781508907e-08,0.004245451462550137,8.222754708000621e-09,8.037492507857702e-07,6.181891223715524e-12,0.001999393678053884,-0.09800060632194613,1
458.0,238.08407108967194,30.551136872986874,0.015400147752901263,0.43098921527348144,500003000.0,4.99998197102097,1.2666384013247879e-05,7.540861656937105e-05,5.321868732475377e-09,1.9436501263237644e-08,0.004256172009285502,8.235487332011592e-09,5.36478020385994e-06,6.368067757274173e-12,0.013345242345028731,-0.08665475765497127,1
460.0,237.910761574362,30.525452739358723,-0.006110833017362823,0.4029756715885598,0.0,4.999983467536197,1.2666384013247879e-05,7.544427020303001e-05,0.0,1.7826816829485775e-08,0.0,8.247176683617423e-09,0.0,5.846205723917881e-12,1.6485718429436098e-08,-0.09999998351428158,1
462.0,237.71076160733344,29.54643912923342,0.012972268666555178,0.4326230785513535,500003000.0,4.999985040803186,1.2675017957524199e-05,7.54817090736571e-05,4.316972138159681e-09,1.8719435313544125e-08,0.004264881505137052,8.259463246349332e-09,4.357715632102851e-06,6.145031287530457e-12,0.010840105965448552,-0.08915989403455145,1
464.0,237.53244181926433,29.52156005490733,-0.0019679146260268166,0.413876152713621,0.0,4.999986316829551,1.2675017957524199e-05,7.551682157751517e-05,0.0,1.7556251929039507e-08,0.0,8.27099710569621e-09,0.0,5.768557489257239e-12,1.6266758133885586e-08,-0.09999998373324187,1
466.0,237.33244185179785,28.275034860138582,0.017267000352911815,0.44385200119890267,500003000.0,4.999987618951954,1.2686079301835957e-05,7.555364955174353e-05,5.530672155879048e-09,1.8413987114178395e-08,0.004276056993238174,8.283105941909287e-09,5.592618992858963e-06,6.0562927264777915e-12,0.013912004622568155,-0.08608799537743185,1
468.0,237.160265861043,28.25118899950692,-0.00879336379931832,0.409152523774352,0.0,4.999988640219068,1.2686079301835957e-05,7.558695074629653e-05,0.0,1.6650597276498254e-08,0.0,8.294065104795539e-09,0.0,5.481149979519748e-12,1.5456297554188026e-08,-0.09999998454370246,1
470.0,236.9602658919556,27.520579102850053,0.010381005925169101,0.439124862826866,500003000.0,4.9999897212427715,1.2692481528120054e-05,7.562190332392307e-05,3.201113142048994e-09,1.747628881326917e-08,0.004282534196008052,8.305578134625734e-09,3.240235520314227e-06,5.758279381840452e-12,0.008060303601740633,-0.09193969639825937,1
472.0,236.7763864991591,27.32675505973782,0.0025544664857688145,0.43045457922941766,500003000.0,4.999990624125525,1.2694027420104418e-05,7.565546710180208e-05,7.729459921821012e-10,1.6781888939506553e-08,0.004284099171690864,8.316643507304342e-09,7.825831413341647e-07,5.534391354741576e-12,0.0019467398386074737,-0.09805326016139253,1
474.0,236.5802799788363,26.3023430196794,0.015285541760426942,0.45129751033084453,500003000.0,4.9999914998249295,1.2703096448998775e-05,7.568989132725454e-05,4.534514447178416e-09,1.7212112726229295e-08,0.00429328783548087,8.328002676399172e-09,4.597613454493871e-06,5.681439819913183e-12,0.011436865410383211,-0.08856313458961679,1
476.0,236.40315370965706,26.28008977089745,-0.005211500884142353,0.4243702487528551,0.0,4.999992220253382,1.2703096448998775e-05,7.572162244252243e-05,0.0,1.5865557633941056e-08,0.0,8.338482196963646e-09,0.0,5.241356389686645e-12,1.4780103490917364e-08,-0.09999998521989652,1
478.0,236.20315373921727,25.364515943826937,0.014178328441862871,0.45486639576427246,500003000.0,4.999992960593011,1.271118925508259e-05,7.575487804686878e-05,4.046403041907726e-09,1.6627802173177046e-08,0.004301498483737727,8.349474602996311e-09,4.107938966229652e-06,5.497998895702548e-12,0.010218769151147264,-0.08978123084885274,1
480.0,236.02359127751956,25.34302162665169,-0.0032519058150260512,0.43227607603926405,0.0,4.999993565058036,1.271118925508259e-05,7.578584751107409e-05,0.0,1.548473210265489e-08,0.0,8.359719883802624e-09,0.0,5.124229408465962e-12,1.4449817058301031e-08,-0.09999998555018294,1
482.0,235.8235913064192,24.337001373750528,0.016250163037765285,0.4630431053863677,500003000.0,4.9999941774229315,1.2720109403870598e-05,7.58182812109251e-05,4.460074394003711e-09,1.6216849925503764e-08,0.004310560642686731,8.370458508710224e-09,4.534258441298589e-06,5.3710978648715325e-12,0.01127926499993813,-0.08872073500006188,1
484.0,235.64614983641906,24.316344757890477,-0.006389262324489344,0.4328321950147407,0.0,4.99999467175283,1.2720109403870598e-05,7.584799480911434e-05,0.0,1.485679909462173e-08,0.0,8.38030447971079e-09,0.0,4.924500653715128e-12,1.3886601843411614e-08,-0.09999998611339816,1
486.0,235.44614986419225,23.531291169261287,0.013125234995856237,0.4637127458713773,500003000.0,4.999995178802032,1.2727038020437097e-05,7.587911573620687e-05,3.464308283249234e-09,1.556046354626701e-08,0.004317608339829662,8.390625044491593e-09,3.5257676557921154e-06,5.161974300903989e-12,0.008770580864194485,-0.09122941913580553,1
488.0,235.26369102592065,23.511285932242576,-0.0012242061654512255,0.4454475161845417,0.0,4.999995599170248,1.2727038020437097e-05,7.590839686772718e-05,0.0,1.4640565760151256e-08,0.0,8.400343120817684e-09,0.0,4.860560133385726e-12,1.3706295938323531e-08,-0.09999998629370407,1
490.0,235.06369105333323,22.45763844677507,0.018467341052219977,0.4767042869245974,500003000.0,4.999996017964182,1.2736407895524807e-05,7.593902836857894e-05,4.6849375438555355e-09,1.5315750425880635e-08,0.004327151465755521,8.410517362472314e-09,4.775075011610773e-06,5.088821425958376e-12,0.01187831039875309,-0.08812168960124692,1
492.0,234.88744767413073,22.438515411717898,-0.009518132900478413,0.43849354293621773,0.0,4.999996353850868,1.2736407895524807e-05,7.596664285869204e-05,0.0,1.3807245056556824e-08,0.0,8.419696473822226e-09,0.0,4.590941818982433e-12,1.2945999119399219e-08,-0.09999998705400089,1
494.0,234.68744770002272,21.87715830973825,0.010084075532566197,0.46970257951110345,500003000.0,4.9999967008275625,1.2741326797144323e-05,7.599555582660572e-05,2.459450809758064e-09,1.4456483956840165e-08,0.004332166942793454,8.429314348792611e-09,2.508706902765063e-06,4.810475283391015e-12,0.006240577999800608,-0.09375942200019939,1
496.0,234.4999288560223,21.652202855883242,0.003914680597274904,0.4632816665324923,500003000.0,4.999996996097437,1.2743199069590166e-05,7.602346786400558e-05,9.361362229216947e-10,1.3956018699930329e-08,0.004334076992395332,8.438606144228177e-09,9.55165130048448e-07,4.6473548941834715e-12,0.0023760457668904385,-0.09762395423310957,1
498.0,234.30468094755608,20.926002032204917,0.01370263820232373,0.4802374607040189,500003000.0,4.999997275490534,1.2749620837886522e-05,7.605176137645289e-05,3.2108841481776864e-09,1.414675622365075e-08,0.004340632598931917,8.448031864196989e-09,3.27945479685751e-06,4.71437788643112e-12,0.00815786104745344,-0.09184213895254656,1
500.0,234.120996669651,20.908124849207525,-0.0016171667810564061,0.460360527182139,0.0,4.999997514568446,1.2749620837886522e-05,7.607831709222638e-05,0.0,1.3277857886744096e-08,0.0,8.456884997587717e-09,0.0,4.4279101373805834e-12,1.2486265999339874e-08,-0.09999998751373401,1
502.0,233.9209966946235,19.982897982868586,0.01829503223482584,0.49225780084170007,500003000.0,4.9999977510883955,1.275785636226973e-05,7.610606755925643e-05,4.117762191604294e-09,1.3875233515028006e-08,0.004349049433078457,8.466143020908428e-09,4.211134884206169e-06,4.630499846622614e-12,0.010475472968509439,-0.08952452703149057,1
504.0,233.74194764056054,19.965798823587114,-0.008615157430959485,0.45523941040420457,0.0,4.999997943671976,1.275785636226973e-05,7.613120608035088e-05,0.0,1.2569260547228566e-08,0.0,8.474535449077571e-09,0.0,4.197436881418564e-12,1.1836354350189263e-08,-0.09999998816364565,1
506.0,233.54194766423325,19.41389291227505,0.011233564773275572,0.48713097804785394,500003000.0,4.999998139357365,1.2762714272123192e-05,7.615749241445349e-05,2.4289549267308236e-09,1.3143167051304403e-08,0.0043540193908802385,8.483316992076572e-09,2.4859250058570963e-06,4.3921214646585885e-12,0.0061839054347412655,-0.09381609456525875,1
508.0,233.35431547510274,19.276923619680726,0.00258004406146689,0.4769702121421513,500003000.0,4.999998305977515,1.2763807917728959e-05,7.618267753522447e-05,5.468228028827282e-10,1.259256038548727e-08,0.0043551387833830335,8.491736303257867e-09,5.597442107769951e-07,4.2109061653930505e-12,0.0013924104086075226,-0.09860758959139249,1
510.0,233.15710029591995,18.525062325108898,0.016093597629466935,0.49961240749689984,500003000.0,4.999998465049226,1.277048969777442e-05,7.620846247213269e-05,3.340890022730751e-09,1.2892468454113991e-08,0.004361982034861317,8.500361881025697e-09,3.4234166279791104e-06,4.314113308863216e-12,0.008515973926512332,-0.09148402607348767,1
512.0,232.97413224377297,18.50915836305716,-0.004781469327828529,0.47129016828837267,0.0,4.999998599240889,1.277048969777442e-05,7.623227388912106e-05,0.0,1.1905708494181452e-08,0.0,8.508332441141093e-09,0.0,3.986411029657182e-12,1.1241282445819357e-08,-0.09999998875871756,1
514.0,232.77413226625555,17.82254134814701,0.01530008125351467,0.5037524830405888,500003000.0,4.9999987325406945,1.2776588133381876e-05,7.62571408343946e-05,3.0492178037279827e-09,1.2433472636774785e-08,0.0043682340985835,8.51666163111306e-09,3.1275244326264827e-06,4.1658398749990834e-12,0.007779923271200411,-0.09222007672879959,1
516.0,232.58969211279796,17.807215211399736,-0.0033603514838454647,0.47862798864298073,0.0,4.999998844198207,1.2776588133381876e-05,7.628026473155685e-05,0.0,1.1561948581124799e-08,0.0,8.524411841882717e-09,0.0,3.876185213057051e-12,1.0930456610749934e-08,-0.0999999890695434,1
518.0,232.38969213465887,17.084269234747666,0.016828812924193016,0.5113632189770829,500003000.0,4.999998954187256,1.278302588427153e-05,7.630440060571615e-05,3.2188754448268796e-09,1.206793707965356e-08,0.0043748405043072605,8.532506229514857e-09,3.304866970114373e-06,4.048380466610608e-12,0.008221073530742463,-0.09177892646925755,1
520.0,232.20613428172035,17.069553693480174,-0.005509607166751422,0.4806595343972736,0.0,4.999999045897889,1.278302588427153e-05,7.632660499464866e-05,0.0,1.1102194466248743e-08,0.0,8.539957367600616e-09,0.0,3.7265747940140856e-12,1.0508570115657631e-08,-0.0999999894914299,1
522.0,232.00613430273748,16.461515944700206,0.014715064281738825,0.5135512041456566,500003000.0,4.999999136692686,1.278842777268453e-05,7.634977997465945e-05,2.700944206499838e-09,1.1587490005397796e-08,0.004380389046999364,8.547738824226114e-09,2.7754435405998367e-06,3.891831969679986e-12,0.006904099384031238,-0.09309590061596877,1
524.0,231.81994250150555,16.447313182373207,-0.0020788158539090727,0.4910480712103971,0.0,4.99999921343541,1.278842777268453e-05,7.637146011892357e-05,0.0,1.0840072132058203e-08,0.0,8.555022624376995e-09,0.0,3.64286850854608e-12,1.0272526719621484e-08,-0.09999998972747329,1
526.0,231.6199425220506,15.725888296587957,0.01829595499941386,0.5242840919860352,500003000.0,4.99999928828691,1.2794870535876547e-05,7.639407011527272e-05,3.2213815960085272e-09,1.1304998174572228e-08,0.0043870128549261984,8.562623221410875e-09,3.3135722083358895e-06,3.801359440917418e-12,0.008242727655614308,-0.0917572723443857,1
528.0,231.43642797736183,15.712297744714112,-0.00732194854869972,0.48843639961399693,0.0,4.999999350685229,1.2794870535876547e-05,7.641468325730275e-05,0.0,1.0306571015016276e-08,0.0,8.569556465876858e-09,0.0,3.4675040915377075e-12,9.778016512853596e-09,-0.0999999902219835,1
530.0,231.23642799691785,15.216152111038626,0.013025589875053223,0.5217273613320071,500003000.0,4.999999412475686,1.279927055356442e-05,7.64361882947657e-05,2.2000088439361087e-09,1.075251873147608e-08,0.004391540350441483,8.576793682331708e-09,2.2645261467927096e-06,3.619573533794046e-12,0.0056331598257245465,-0.09436684017427546,1
532.0,231.0476943165693,15.171885131274099,0.0008574575374641992,0.5060435827459703,500003000.0,4.999999465382895,1.2799554286768453e-05,7.645658642433809e-05,1.4186660201713387e-10,1.0199064786195997e-08,0.004391832410859552,8.583662139245446e-09,1.4603344619619554e-07,3.435099460565798e-12,0.00036327696573369163,-0.09963672303426631,1
534.0,230.84842087050077,14.474116336062547,0.019286796725206598,0.5365666823701924,500003000.0,4.999999516082669,1.2805800607280165e-05,7.647771075415596e-05,3.1231602558562136e-09,1.056216490893972e-08,0.004398265333897381,8.590778979334227e-09,3.2180309314817525e-06,3.559359585212876e-12,0.008005062105402434,-0.09199493789459758,1
536.0,230.66443099471158,14.461565716094753,-0.008369779354844061,0.4973833045424861,0.0,4.999999558614272,1.2805800607280165e-05,7.649686922918278e-05,0.0,9.579237513409091e-09,0.0,8.597236912812049e-09,0.0,3.229739014552648e-12,9.107542653972343e-09,-0.09999999089245735,1
538.0,230.46443101292667,14.036964755939014,0.012118196586699019,0.531105244835821,500003000.0,4.999999600617671,1.28095638420842e-05,7.651684649695299e-05,1.881617402017972e-09,9.988633885101877e-09,0.004402144022206264,8.603974286713113e-09,1.9399140128002143e-06,3.3695304906572506e-12,0.004825666249999947,-0.09517433375000006,1
540.0,230.27408234542668,13.939021754275096,0.0025769690140691756,0.5192980417932181,500003000.0,4.9999996368758275,1.2810347519247599e-05,7.65359417701878e-05,3.9183858169906713e-10,9.547636617409696e-09,0.004402952028828401,8.610417488870907e-09,4.0402802711002835e-07,3.222373779162827e-12,0.0010050539303307075,-0.0989949460696693,1
542.0,230.07609245328734,13.376638933717915,0.016898504950802293,0.5437730041525662,500003000.0,4.999999671101263,1.2815376737807217e-05,7.655547051085456e-05,2.514609279809365e-09,9.764370333376052e-09,0.004408139734107915,8.617010274678627e-09,2.5948708279599468e-06,3.297204455553783e-12,0.00645491185490278,-0.09354508814509722,1
544.0,229.88900227699716,13.365000811463068,-0.004357756245601674,0.5140693958596961,0.0,4.99999970047292,1.2815376737807217e-05,7.657352405514291e-05,0.0,9.026772144171071e-09,0.0,8.623108031933523e-09,0.0,3.049572251217585e-12,8.599490308408593e-09,-0.09999999140050969,1
546.0,229.68900229419614,12.842751830495684,0.01637834309923759,0.548403964694033,500003000.0,4.999999728976688,1.2820047736996484e-05,7.659232805911491e-05,2.335499594633158e-09,9.402001985999e-09,0.004412961579770528,8.629462318373772e-09,2.4118014672308227e-06,3.177898775690693e-12,0.005999515098748445,-0.09400048490125155,1
548.0,229.50100132439363,12.83155931423977,-0.003374778893044799,0.5208940657605884,0.0,4.999999753292269,1.2820047736996484e-05,7.660979036937459e-05,0.0,8.731155129837466e-09,0.0,8.63536600806085e-09,0.0,2.9524967966540108e-12,8.325747185788524e-09,-0.09999999167425282,1
550.0,229.30100134104512,12.299197035282528,0.01746529093836152,0.5555033494466891,500003000.0,4.99999977676961,1.2824819602475668e-05,7.662797103972813e-05,2.385932739592585e-09,9.090335176767451e-09,0.004417891178779371,8.641515419468543e-09,2.4657168358233005e-06,3.0754150422740436e-12,0.00613363264207411,-0.09386636735792589,1
552.0,229.11326860632926,12.288460089645389,-0.00476440168130233,0.5240961944743161,0.0,4.999999796770068,1.2824819602475668e-05,7.664474035186007e-05,0.0,8.384656065966876e-09,0.0,8.647190039293689e-09,0.0,2.837913498709085e-12,8.002633686907011e-09,-0.09999999199736632,1
554.0,228.91326862233453,11.817126907344344,0.01613043195140944,0.5588990773012645,500003000.0,4.99999981610995,1.2829040998915489e-05,7.666219741176527e-05,2.1106982199098395e-09,8.728529952605564e-09,0.004422255172201505,8.65310002426481e-09,2.1827148546976796e-06,2.9556487536748847e-12,0.00542964727666942,-0.09457035272333059,1
556.0,228.72412791688788,11.806793243596811,-0.0025902992702219055,0.5327830047693594,0.0,4.9999998327035025,1.2829040998915489e-05,7.667846267723114e-05,0.0,8.132632732931856e-09,0.0,8.658608954549151e-09,0.0,2.7550351485984983e-12,7.768924986197159e-09,-0.09999999223107502,1
558.0,228.52412793242573,11.292871538031504,0.018434993844424444,0.5679067332970327,500003000.0,4.999999848623867,1.2833660739674202e-05,7.669538588326598e-05,2.3098703793566264e-09,8.461603017427239e-09,0.004427034258201593,8.664343203738842e-09,2.390403371768535e-06,2.8677435448999316e-12,0.005946285130951786,-0.09405371486904822,1
560.0,228.33602050268763,11.28297953390702,-0.005736619782695781,0.5332774269390884,0.0,4.999999862212317,1.2833660739674202e-05,7.671091868041148e-05,0.0,7.766398572747762e-09,0.0,8.669608553573704e-09,0.0,2.6331962902414082e-12,7.425351528899653e-09,-0.09999999257464848,1
562.0,228.13602051753833,10.87316508593658,0.01530717854073802,0.5685353060052541,500003000.0,4.999999875324548,1.2837333443015662e-05,7.672708129208844e-05,1.836351670730092e-09,8.081305838483039e-09,0.004430836097122789,8.675089662103624e-09,1.9014634088458896e-06,2.7411202754672247e-12,0.004730016209402572,-0.09526998379059744,1
564.0,227.94548054995713,10.86362439989243,-0.000976335886589901,0.5460099168113132,0.0,4.999999886654123,1.2837333443015662e-05,7.674224772257992e-05,0.0,7.583215245736037e-09,0.0,8.680235041831848e-09,0.0,2.5731885366614293e-12,7.256135634724867e-09,-0.09999999274386437,1
566.0,227.7454805644694,10.348101348616371,0.02025450076358164,0.5816858355548143,500003000.0,4.999999897440408,1.284198456474181e-05,7.675801618897964e-05,2.325560863074271e-09,7.884233199861147e-09,0.004435653879340846,8.68558682408285e-09,2.40976377411166e-06,2.6764315467760472e-12,0.0059944447963046306,-0.09400555520369537,1
568.0,227.55746945406202,10.339005903999455,-0.007899520404071436,0.5406180986040666,0.0,4.99999990664229,1.284198456474181e-05,7.677233859664316e-05,0.0,7.161203831762053e-09,0.0,8.690449722208266e-09,0.0,2.4318947288054007e-12,6.857701155656225e-09,-0.09999999314229885,1
570.0,227.3574694677774,10.013020630961073,0.013269835934804668,0.5762942433918161,500003000.0,4.99999991552645,1.284490099645884e-05,7.678723739809152e-05,1.4582158585148645e-09,7.449400724182643e-09,0.004438676594326218,8.695510248353293e-09,1.5117006979928376e-06,2.5307463532799495e-12,0.0037604566339475213,-0.09623954336605249,1
572.0,227.1649903810453,9.949206433549477,0.0023557337041271607,0.5619842942476655,500003000.0,4.999999923277199,1.2845407532601796e-05,7.680142750696817e-05,2.532680714776036e-10,7.095054438324317e-09,0.004439201730048232,8.700331885002514e-09,2.6257821518293995e-07,2.4112570700582735e-12,0.0006531864392635685,-0.09934681356073644,1
574.0,226.9662967539238,9.528353691345313,0.018056478145287505,0.5892492927577259,500003000.0,4.99999993053298,1.2849203926570087e-05,7.681594763278022e-05,1.89819698414552e-09,7.260062906023661e-09,0.004443138842963861,8.705267501172646e-09,1.969138197210901e-06,2.4682683070347246e-12,0.004898360684676253,-0.09510163931532375,1
576.0,226.77609347529318,9.519949900564805,-0.004276240326367618,0.5570068589731321,0.0,4.999999936834992,1.2849203926570087e-05,7.682935579254395e-05,0.0,6.704079881863484e-09,0.0,8.709826799481589e-09,0.0,2.2800415551546238e-12,6.429490315729556e-09,-0.09999999357050969,1
578.0,226.57609348815217,9.137694777340721,0.017145113507267957,0.5933181679780896,500003000.0,4.999999942845937,1.2852652023526477e-05,7.684329056624942e-05,1.7240484781951582e-09,6.967386852729577e-09,0.004446716765428414,8.714566852824257e-09,1.7894412589017436e-06,2.3704512679055706e-12,0.004451353099615176,-0.09554864690038482,1
580.0,226.3849961943514,9.129621613670183,-0.0027549272658456015,0.5647827233254816,0.0,4.99999994805415,1.2852652023526477e-05,7.685624585872898e-05,0.0,6.4776462397823275e-09,0.0,8.718975267513389e-09,0.0,2.204574399594434e-12,6.216680446219529e-09,-0.09999999378331956,1
582.0,226.18499620678477,8.730238529510434,0.018787523856386584,0.6014049728932219,500003000.0,4.999999952997451,1.2856265216583902e-05,7.686970438253414e-05,1.8065965287123401e-09,6.729261902580016e-09,0.0044504680604888144,8.72355649466998e-09,1.8761747709247945e-06,2.291010360172219e-12,0.004667107880632186,-0.09533289211936782,1
584.0,225.99433042254603,8.722512021265747,-0.004847201281250745,0.5668802052146948,0.0,4.99999995727138,1.2856265216583902e-05,7.688209409585829e-05,0.0,6.194856662077958e-09,0.0,8.727775320966115e-09,0.0,2.10974939202856e-12,5.949283360207899e-09,-0.09999999405071665,1
586.0,225.7943304344446,8.381851010585045,0.01673867750030462,0.6036818466495442,500003000.0,4.999999961337546,1.2859343117859581e-05,7.68949648591367e-05,1.5389506378392844e-09,6.435381639209878e-09,0.004453665267639359,8.732159389326284e-09,1.5989862642759375e-06,2.192397576655401e-12,0.003977583954173707,-0.0960224160458263,1
588.0,225.60228560235294,8.374419940988622,-0.0017381632615079542,0.5771920612813322,0.0,4.999999964877339,1.2859343117859581e-05,7.690698046734711e-05,0.0,6.007804105199435e-09,0.0,8.736253497208655e-09,0.0,2.047370705714182e-12,5.773381671635813e-09,-0.09999999422661833,1
590.0,225.4022856138997,7.987108771591391,0.02000491599453061,0.6143682072586917,500003000.0,4.999999968219702,1.2862859086829645e-05,7.691945547293331e-05,1.7579844850316448e-09,6.2375027931036146e-09,0.00445731939613429,8.740505489924126e-09,1.8275637532073856e-06,2.12633827441967e-12,0.004546184486627993,-0.09545381551337201,1
592.0,225.21137798287296,7.98001537873319,-0.006070037978238393,0.5757252833050343,0.0,4.9999999711129695,1.2862859086829645e-05,7.693087057966224e-05,0.0,5.70755336447044e-09,0.0,8.744397434022944e-09,0.0,1.9462582947040707e-12,5.488254733523718e-09,-0.09999999451174527,1
594.0,225.01137799384946,7.688931596339148,0.015668351025747193,0.6129993463613906,500003000.0,4.999999973861934,1.2865490938165375e-05,7.694272480162216e-05,1.3159256678643979e-09,5.927110979960411e-09,0.004460055973365212,8.748440315276967e-09,1.3685685599573752e-06,2.021749689157612e-12,0.003404405104011997,-0.09659559489598801,1
596.0,224.8181868040575,7.678738784181357,0.00018932245882449835,0.5910906843403312,500003000.0,4.999999976268645,1.2865522030739455e-05,7.695388212591223e-05,1.5546287040204932e-11,5.578662145036251e-09,0.004460088309858991,8.752246657543033e-09,1.6168285964004162e-08,1.903444989269016e-12,4.022498435135323e-05,-0.09995977501564865,1
598.0,224.6182672540262,7.2965802863312845,0.021700576109261297,0.6281367271334006,500003000.0,4.999999978526119,1.2869004361934479e-05,7.69654451762362e-05,1.741165597512196e-09,5.781525161989455e-09,0.004463710947696715,8.756192578447238e-09,1.8118091471840437e-06,1.9732549171747812e-12,0.00450699349270104,-0.09549300650729897,1
600.0,224.4272812410116,7.290077515352695,-0.007910718801500948,0.5835707726899881,0.0,4.999999980481858,1.2869004361934479e-05,7.697593300459333e-05,0.0,5.243914178569107e-09,0.0,8.759772602453933e-09,0.0,1.7902541986067895e-12,5.048338705325017e-09,-0.0999999949516613,1
