time_s,w_mps
0.0,0.0
1.0,0.01047192766283916
2.0,0.020943568232491584
3.0,0.03141463462364135
4.0,0.041884839766713915
5.0,0.0523538966157463
6.0,0.06282151815625658
7.0,0.07328741741311255
8.0,0.08375130745839925
9.0,0.09421290141928532
10.0,0.10467191248588766
11.0,0.11512805391913454
12.0,0.12558103905862675
13.0,0.13603058133049634
14.0,0.14647639425526338
15.0,0.1569181914556899
16.0,0.16735568666463096
17.0,0.17778859373288303
18.0,0.18821662663702862
19.0,0.198639499487278
20.0,0.20905692653530691
21.0,0.21946862218209054
22.0,0.22987430098573317
23.0,0.24027367766929417
24.0,0.2506664671286085
25.0,0.2610523844401032
26.0,0.27143114486860875
27.0,0.28180246387516533
28.0,0.29216605712482324
29.0,0.3025216404944384
30.0,0.31286893008046174
31.0,0.32320764220672227
32.0,0.3335374934322045
33.0,0.34385820055881905
34.0,0.3541694806391666
35.0,0.3644710509842949
36.0,0.3747626291714492
37.0,0.38504393305181484
38.0,0.39531468075825227
39.0,0.40557459071302493
40.0,0.41582338163551863
41.0,0.42606077254995306
42.0,0.4362864827930851
43.0,0.4465002320219027
44.0,0.4567017402213114
45.0,0.4668907277118108
46.0,0.4770669151571617
47.0,0.48723002357204503
48.0,0.4973797743297096
49.0,0.5075158891696112
50.0,0.5176380902050416
51.0,0.5277460999307457
52.0,0.5378396412305314
53.0,0.5479184373848649
54.0,0.5579822120784586
55.0,0.5680306894078453
56.0,0.5780635938889432
57.0,0.5880806504646079
58.0,0.5980815845121733
59.0,0.6080661218509805
60.0,0.6180339887498948
61.0,0.6279849119348099
62.0,0.63791861859614
63.0,0.6478348363962988
64.0,0.6577332934771665
65.0,0.6676137184675418
66.0,0.6774758404905827
67.0,0.6873193891712321
68.0,0.6971440946436304
69.0,0.7069496875585143
70.0,0.7167358990906004
71.0,0.7265024609459567
72.0,0.7362491053693558
73.0,0.7459755651516178
74.0,0.7556815736369342
75.0,0.7653668647301796
76.0,0.7750311729042059
77.0,0.7846742332071229
78.0,0.7942957812695611
79.0,0.8038955533119203
80.0,0.8134732861516003
81.0,0.8230287172102175
82.0,0.8325615845208022
83.0,0.8420716267349821
84.0,0.8515585831301453
85.0,0.8610221936165903
86.0,0.8704621987446549
87.0,0.8798783397118302
88.0,0.8892703583698548
89.0,0.8986379972317933
90.0,0.9079809994790935
91.0,0.9172991089686299
92.0,0.9265920702397233
93.0,0.9358596285211467
94.0,0.945101529738108
95.0,0.9543175205192168
96.0,0.9635073482034306
97.0,0.9726707608469809
98.0,0.9818075072302815
99.0,0.9909173368648152
100.0,1.0
101.0,1.0090552476300385
102.0,1.0180828315007424
103.0,1.02708250411634
104.0,1.0360540187462604
105.0,1.0449971294318976
106.0,1.0539115909933552
107.0,1.0627971590361658
108.0,1.0716535899579933
109.0,1.0804806409553098
110.0,1.0892780700300542
111.0,1.0980456359962636
112.0,1.1067830984866882
113.0,1.1154902179593802
114.0,1.1241667557042612
115.0,1.1328124738496657
116.0,1.1414271353688632
117.0,1.1500105040865571
118.0,1.1585623446853577
119.0,1.167082422712235
120.0,1.1755705045849463
121.0,1.184026357598439
122.0,1.1924497499312317
123.0,1.200840450651768
124.0,1.2091982297247497
125.0,1.217522858017441
126.0,1.225814107305953
127.0,1.2340717502814973
128.0,1.2422955605566206
129.0,1.2504853126714102
130.0,1.2586407820996748
131.0,1.2667617452551003
132.0,1.2748479794973793
133.0,1.2828992631383156
134.0,1.290915375447901
135.0,1.2988960966603673
136.0,1.3068412079802108
137.0,1.3147504915881916
138.0,1.3226237306473037
139.0,1.3304607093087217
140.0,1.3382612127177163
141.0,1.3460250270195464
142.0,1.3537519393653215
143.0,1.3614417379178356
144.0,1.3690942118573772
145.0,1.3767091513875078
146.0,1.3842863477408136
147.0,1.3918255931846286
148.0,1.3993266810267306
149.0,1.4067894056210077
150.0,1.4142135623730951
151.0,1.421598947745985
152.0,1.4289453592656065
153.0,1.4362525955263776
154.0,1.4435204561967243
155.0,1.4507487420245753
156.0,1.4579372548428229
157.0,1.4650857975747573
158.0,1.4721941742394686
159.0,1.4792621899572194
160.0,1.4862896509547883
161.0,1.4932763645707827
162.0,1.500222139260919
163.0,1.5071267846032756
164.0,1.5139901113035126
165.0,1.5208119312000616
166.0,1.5275920572692845
167.0,1.534330303630599
168.0,1.5410264855515785
169.0,1.5476804194530125
170.0,1.5542919229139418
171.0,1.5608608146766594
172.0,1.5673869146516795
173.0,1.5738700439226745
174.0,1.5803100247513806
175.0,1.5867066805824703
176.0,1.5930598360483923
177.0,1.5993693169741812
178.0,1.6056349503822291
179.0,1.6118565644970315
180.0,1.618033988749895
181.0,1.6241670537836124
182.0,1.6302555914571084
183.0,1.6362994348500468
184.0,1.6422984182674079
185.0,1.6482523772440312
186.0,1.6541611485491237
187.0,1.660024570190735
188.0,1.665842481420199
189.0,1.6716147227365405
190.0,1.677341135890848
191.0,1.6830215638906123
192.0,1.6886558510040302
193.0,1.6942438427642743
194.0,1.6997853859737277
195.0,1.7052803287081844
196.0,1.7107285203210132
197.0,1.7161298114472892
198.0,1.7214840540078873
199.0,1.7267911012135433
200.0,1.7320508075688774
201.0,1.7372630288763826
202.0,1.7424276222403787
203.0,1.7475444460709304
204.0,1.7526133600877272
205.0,1.7576342253239305
206.0,1.7626069041299843
207.0,1.7675312601773867
208.0,1.7724071584624295
209.0,1.7772344653098977
210.0,1.7820130483767356
211.0,1.7867427766556752
212.0,1.7914235204788258
213.0,1.796055151521231
214.0,1.800637542804387
215.0,1.805170568699721
216.0,1.8096541049320392
217.0,1.8140880285829297
218.0,1.8184722180941368
219.0,1.8228065532708906
220.0,1.8270909152852017
221.0,1.831325186679122
222.0,1.8355092513679623
223.0,1.8396429946434751
224.0,1.843726303177001
225.0,1.8477590650225735
226.0,1.8517411696199895
227.0,1.85567250779784
228.0,1.8595529717765027
229.0,1.8633824551710978
230.0,1.8671608529944035
231.0,1.8708880616597345
232.0,1.874563978983783
233.0,1.8781885041894182
234.0,1.881761537908451
235.0,1.8852829821843569
236.0,1.888752740474962
237.0,1.8921707176550906
238.0,1.8955368200191713
239.0,1.8988509552838075
240.0,1.902113032590307
241.0,1.9053229625071726
242.0,1.9084806570325537
243.0,1.9115860295966602
244.0,1.9146389950641345
245.0,1.917639469736386
246.0,1.9205873713538861
247.0,1.9234826190984227
248.0,1.9263251335953164
249.0,1.9291148369155962
250.0,1.9318516525781364
251.0,1.9345355055517537
252.0,1.9371663222572622
253.0,1.9397440305694935
254.0,1.9422685598192722
255.0,1.9447398407953531
256.0,1.9471578057463204
257.0,1.9495223883824435
258.0,1.9518335238774946
259.0,1.9540911488705273
260.0,1.9562952014676112
261.0,1.9584456212435315
262.0,1.9605423492434437
263.0,1.9625853279844903
264.0,1.9645745014573772
265.0,1.9665098151279092
266.0,1.9683912159384838
267.0,1.970218652309548
268.0,1.9719920741410097
269.0,1.9737114328136145
270.0,1.9753766811902755
271.0,1.976987773617367
272.0,1.9785446659259767
273.0,1.980047315433115
274.0,1.9814956809428872
275.0,1.9828897227476208
276.0,1.9842294026289558
277.0,1.985514683858891
278.0,1.986745531200793
279.0,1.9879219109103594
280.0,1.9890437907365466
281.0,1.9901111399224525
282.0,1.99112392920616
283.0,1.992082130821539
284.0,1.9929857184990087
285.0,1.993834667466256
286.0,1.9946289544489162
287.0,1.9953685576712106
288.0,1.9960534568565431
289.0,1.9966836332280566
290.0,1.9972590695091477
291.0,1.99777974992394
292.0,1.9982456601977168
293.0,1.9986567875573125
294.0,1.9990131207314632
295.0,1.9993146499511145
296.0,1.999561366949691
297.0,1.9997532649633212
298.0,1.9998903387310243
299.0,1.9999725844948535
300.0,2.0
301.0,1.9999725844948535
302.0,1.9998903387310243
303.0,1.9997532649633212
304.0,1.999561366949691
305.0,1.9993146499511145
306.0,1.9990131207314632
307.0,1.9986567875573125
308.0,1.9982456601977168
309.0,1.99777974992394
310.0,1.9972590695091477
311.0,1.9966836332280566
312.0,1.9960534568565431
313.0,1.9953685576712106
314.0,1.9946289544489162
315.0,1.993834667466256
316.0,1.9929857184990087
317.0,1.992082130821539
318.0,1.99112392920616
319.0,1.9901111399224527
320.0,1.9890437907365468
321.0,1.9879219109103594
322.0,1.986745531200793
323.0,1.985514683858891
324.0,1.9842294026289558
325.0,1.982889722747621
326.0,1.9814956809428872
327.0,1.980047315433115
328.0,1.9785446659259767
329.0,1.976987773617367
330.0,1.9753766811902755
331.0,1.9737114328136147
332.0,1.9719920741410097
333.0,1.970218652309548
334.0,1.968391215938484
335.0,1.9665098151279092
336.0,1.9645745014573774
337.0,1.9625853279844905
338.0,1.9605423492434437
339.0,1.9584456212435317
340.0,1.9562952014676114
341.0,1.9540911488705275
342.0,1.9518335238774949
343.0,1.9495223883824435
344.0,1.9471578057463206
345.0,1.9447398407953531
346.0,1.9422685598192722
347.0,1.9397440305694935
348.0,1.9371663222572624
349.0,1.9345355055517537
350.0,1.9318516525781366
351.0,1.9291148369155962
352.0,1.9263251335953164
353.0,1.9234826190984227
354.0,1.9205873713538861
355.0,1.9176394697363863
356.0,1.9146389950641345
357.0,1.9115860295966605
358.0,1.9084806570325539
359.0,1.9053229625071726
360.0,1.9021130325903073
361.0,1.8988509552838078
362.0,1.8955368200191713
363.0,1.8921707176550906
364.0,1.8887527404749622
365.0,1.8852829821843566
366.0,1.881761537908451
367.0,1.8781885041894182
368.0,1.8745639789837831
369.0,1.8708880616597345
370.0,1.8671608529944037
371.0,1.863382455171098
372.0,1.859552971776503
373.0,1.85567250779784
374.0,1.8517411696199895
375.0,1.8477590650225735
376.0,1.843726303177001
377.0,1.8396429946434754
378.0,1.8355092513679623
379.0,1.8313251866791223
380.0,1.8270909152852017
381.0,1.8228065532708908
382.0,1.8184722180941373
383.0,1.8140880285829304
384.0,1.809654104932039
385.0,1.805170568699721
386.0,1.800637542804387
387.0,1.7960551515212313
388.0,1.791423520478826
389.0,1.7867427766556752
390.0,1.7820130483767358
391.0,1.7772344653098975
392.0,1.7724071584624297
393.0,1.767531260177387
394.0,1.7626069041299846
395.0,1.7576342253239308
396.0,1.752613360087727
397.0,1.7475444460709306
398.0,1.742427622240379
399.0,1.7372630288763828
400.0,1.7320508075688772
401.0,1.7267911012135435
402.0,1.7214840540078873
403.0,1.7161298114472894
404.0,1.7107285203210134
405.0,1.7052803287081846
406.0,1.6997853859737277
407.0,1.694243842764274
408.0,1.6886558510040304
409.0,1.6830215638906123
410.0,1.6773411358908485
411.0,1.6716147227365403
412.0,1.665842481420199
413.0,1.660024570190735
414.0,1.654161148549124
415.0,1.6482523772440316
416.0,1.6422984182674083
417.0,1.6362994348500468
418.0,1.6302555914571084
419.0,1.6241670537836126
420.0,1.618033988749895
421.0,1.6118565644970315
422.0,1.605634950382229
423.0,1.5993693169741812
424.0,1.5930598360483927
425.0,1.5867066805824708
426.0,1.580310024751381
427.0,1.5738700439226743
428.0,1.5673869146516797
429.0,1.5608608146766594
430.0,1.554291922913942
431.0,1.5476804194530125
432.0,1.5410264855515785
433.0,1.534330303630599
434.0,1.5275920572692847
435.0,1.5208119312000619
436.0,1.5139901113035132
437.0,1.507126784603276
438.0,1.5002221392609187
439.0,1.4932763645707827
440.0,1.4862896509547885
441.0,1.4792621899572198
442.0,1.4721941742394689
443.0,1.4650857975747575
444.0,1.4579372548428229
445.0,1.4507487420245755
446.0,1.4435204561967245
447.0,1.4362525955263783
448.0,1.4289453592656065
449.0,1.4215989477459847
450.0,1.4142135623730951
451.0,1.4067894056210077
452.0,1.3993266810267313
453.0,1.3918255931846288
454.0,1.3842863477408136
455.0,1.3767091513875078
456.0,1.3690942118573777
457.0,1.3614417379178358
458.0,1.3537519393653221
459.0,1.3460250270195466
460.0,1.338261212717716
461.0,1.330460709308722
462.0,1.3226237306473037
463.0,1.314750491588192
464.0,1.3068412079802112
465.0,1.2988960966603675
466.0,1.290915375447901
467.0,1.2828992631383163
468.0,1.2748479794973797
469.0,1.2667617452551005
470.0,1.2586407820996748
471.0,1.2504853126714102
472.0,1.242295560556621
473.0,1.2340717502814973
474.0,1.2258141073059536
475.0,1.2175228580174409
476.0,1.2091982297247499
477.0,1.200840450651768
478.0,1.192449749931232
479.0,1.1840263575984393
480.0,1.1755705045849465
481.0,1.167082422712235
482.0,1.1585623446853575
483.0,1.1500105040865574
484.0,1.1414271353688634
485.0,1.1328124738496663
486.0,1.124166755704261
487.0,1.1154902179593806
488.0,1.1067830984866882
489.0,1.098045635996264
490.0,1.0892780700300546
491.0,1.0804806409553103
492.0,1.0716535899579933
493.0,1.0627971590361656
494.0,1.0539115909933554
495.0,1.0449971294318978
496.0,1.0360540187462604
497.0,1.02708250411634
498.0,1.0180828315007429
499.0,1.0090552476300387
500.0,1.0000000000000007
501.0,0.9909173368648155
502.0,0.9818075072302812
503.0,0.9726707608469811
504.0,0.9635073482034304
505.0,0.9543175205192173
506.0,0.9451015297381082
507.0,0.9358596285211468
508.0,0.9265920702397232
509.0,0.9172991089686303
510.0,0.9079809994790937
511.0,0.8986379972317939
512.0,0.8892703583698556
513.0,0.8798783397118298
514.0,0.8704621987446551
515.0,0.8610221936165902
516.0,0.8515585831301458
517.0,0.8420716267349824
518.0,0.8325615845208024
519.0,0.8230287172102174
520.0,0.8134732861516009
521.0,0.8038955533119205
522.0,0.7942957812695621
523.0,0.7846742332071228
524.0,0.7750311729042055
525.0,0.7653668647301798
526.0,0.7556815736369342
527.0,0.7459755651516184
528.0,0.7362491053693563
529.0,0.7265024609459568
530.0,0.7167358990906004
531.0,0.7069496875585148
532.0,0.6971440946436307
533.0,0.687319389171233
534.0,0.6774758404905826
535.0,0.6676137184675415
536.0,0.6577332934771668
537.0,0.6478348363962989
538.0,0.6379186185961406
539.0,0.6279849119348103
540.0,0.618033988749895
541.0,0.6080661218509805
542.0,0.598081584512174
543.0,0.5880806504646083
544.0,0.5780635938889434
545.0,0.5680306894078452
546.0,0.5579822120784582
547.0,0.5479184373848652
548.0,0.5378396412305315
549.0,0.5277460999307465
550.0,0.5176380902050411
551.0,0.5075158891696115
552.0,0.49737977432970965
553.0,0.4872300235720457
554.0,0.4770669151571622
555.0,0.46689072771181106
556.0,0.4567017402213115
557.0,0.4465002320219025
558.0,0.4362864827930855
559.0,0.42606077254995334
560.0,0.41582338163551946
561.0,0.40557459071302465
562.0,0.39531468075825266
563.0,0.385043933051815
564.0,0.37476262917145003
565.0,0.36447105098429544
566.0,0.35416948063916687
567.0,0.34385820055881916
568.0,0.33353749343220435
569.0,0.32320764220672277
570.0,0.31286893008046196
571.0,0.3025216404944384
572.0,0.29216605712482296
573.0,0.2818024638751657
574.0,0.2714311448686089
575.0,0.261052384440104
576.0,0.25066646712860907
577.0,0.24027367766929367
578.0,0.22987430098573333
579.0,0.21946862218209043
580.0,0.20905692653530747
581.0,0.19863949948727833
582.0,0.1882166266370287
583.0,0.17778859373288286
584.0,0.16735568666463146
585.0,0.15691819145569014
586.0,0.14647639425526426
587.0,0.13603058133049697
588.0,0.12558103905862628
589.0,0.11512805391913475
590.0,0.10467191248588761
591.0,0.09421290141928591
592.0,0.08375130745839962
593.0,0.07328741741311268
594.0,0.06282151815625647
595.0,0.052353896615746846
596.0,0.04188483976671422
597.0,0.03141463462364231
598.0,0.020943568232491418
599.0,0.010471927662838753
600.0,2.4492935982947064e-16
601.0,0.0
602.0,0.0
603.0,0.0
604.0,0.0
605.0,0.0
606.0,0.0
607.0,0.0
608.0,0.0
609.0,0.0
610.0,0.0
611.0,0.0
612.0,0.0
613.0,0.0
614.0,0.0
615.0,0.0
616.0,0.0
617.0,0.0
618.0,0.0
619.0,0.0
620.0,0.0
621.0,0.0
622.0,0.0
623.0,0.0
624.0,0.0
625.0,0.0
626.0,0.0
627.0,0.0
628.0,0.0
629.0,0.0
630.0,0.0
631.0,0.0
632.0,0.0
633.0,0.0
634.0,0.0
635.0,0.0
636.0,0.0
637.0,0.0
638.0,0.0
639.0,0.0
640.0,0.0
641.0,0.0
642.0,0.0
643.0,0.0
644.0,0.0
645.0,0.0
646.0,0.0
647.0,0.0
648.0,0.0
649.0,0.0
650.0,0.0
651.0,0.0
652.0,0.0
653.0,0.0
654.0,0.0
655.0,0.0
656.0,0.0
657.0,0.0
658.0,0.0
659.0,0.0
660.0,0.0
661.0,0.0
662.0,0.0
663.0,0.0
664.0,0.0
665.0,0.0
666.0,0.0
667.0,0.0
668.0,0.0
669.0,0.0
670.0,0.0
671.0,0.0
672.0,0.0
673.0,0.0
674.0,0.0
675.0,0.0
676.0,0.0
677.0,0.0
678.0,0.0
679.0,0.0
680.0,0.0
681.0,0.0
682.0,0.0
683.0,0.0
684.0,0.0
685.0,0.0
686.0,0.0
687.0,0.0
688.0,0.0
689.0,0.0
690.0,0.0
691.0,0.0
692.0,0.0
693.0,0.0
694.0,0.0
695.0,0.0
696.0,0.0
697.0,0.0
698.0,0.0
699.0,0.0
700.0,0.0
701.0,0.0
702.0,0.0
703.0,0.0
704.0,0.0
705.0,0.0
706.0,0.0
707.0,0.0
708.0,0.0
709.0,0.0
710.0,0.0
711.0,0.0
712.0,0.0
713.0,0.0
714.0,0.0
715.0,0.0
716.0,0.0
717.0,0.0
718.0,0.0
719.0,0.0
720.0,0.0
721.0,0.0
722.0,0.0
723.0,0.0
724.0,0.0
725.0,0.0
726.0,0.0
727.0,0.0
728.0,0.0
729.0,0.0
730.0,0.0
731.0,0.0
732.0,0.0
733.0,0.0
734.0,0.0
735.0,0.0
736.0,0.0
737.0,0.0
738.0,0.0
739.0,0.0
740.0,0.0
741.0,0.0
742.0,0.0
743.0,0.0
744.0,0.0
745.0,0.0
746.0,0.0
747.0,0.0
748.0,0.0
749.0,0.0
750.0,0.0
751.0,0.0
752.0,0.0
753.0,0.0
754.0,0.0
755.0,0.0
756.0,0.0
757.0,0.0
758.0,0.0
759.0,0.0
760.0,0.0
761.0,0.0
762.0,0.0
763.0,0.0
764.0,0.0
765.0,0.0
766.0,0.0
767.0,0.0
768.0,0.0
769.0,0.0
770.0,0.0
771.0,0.0
772.0,0.0
773.0,0.0
774.0,0.0
775.0,0.0
776.0,0.0
777.0,0.0
778.0,0.0
779.0,0.0
780.0,0.0
781.0,0.0
782.0,0.0
783.0,0.0
784.0,0.0
785.0,0.0
786.0,0.0
787.0,0.0
788.0,0.0
789.0,0.0
790.0,0.0
791.0,0.0
792.0,0.0
793.0,0.0
794.0,0.0
795.0,0.0
796.0,0.0
797.0,0.0
798.0,0.0
799.0,0.0
800.0,0.0
801.0,0.0
802.0,0.0
803.0,0.0
804.0,0.0
805.0,0.0
806.0,0.0
807.0,0.0
808.0,0.0
809.0,0.0
810.0,0.0
811.0,0.0
812.0,0.0
813.0,0.0
814.0,0.0
815.0,0.0
816.0,0.0
817.0,0.0
818.0,0.0
819.0,0.0
820.0,0.0
821.0,0.0
822.0,0.0
823.0,0.0
824.0,0.0
825.0,0.0
826.0,0.0
827.0,0.0
828.0,0.0
829.0,0.0
830.0,0.0
831.0,0.0
832.0,0.0
833.0,0.0
834.0,0.0
835.0,0.0
836.0,0.0
837.0,0.0
838.0,0.0
839.0,0.0
840.0,0.0
841.0,0.0
842.0,0.0
843.0,0.0
844.0,0.0
845.0,0.0
846.0,0.0
847.0,0.0
848.0,0.0
849.0,0.0
850.0,0.0
851.0,0.0
852.0,0.0
853.0,0.0
854.0,0.0
855.0,0.0
856.0,0.0
857.0,0.0
858.0,0.0
859.0,0.0
860.0,0.0
861.0,0.0
862.0,0.0
863.0,0.0
864.0,0.0
865.0,0.0
866.0,0.0
867.0,0.0
868.0,0.0
869.0,0.0
870.0,0.0
871.0,0.0
872.0,0.0
873.0,0.0
874.0,0.0
875.0,0.0
876.0,0.0
877.0,0.0
878.0,0.0
879.0,0.0
880.0,0.0
881.0,0.0
882.0,0.0
883.0,0.0
884.0,0.0
885.0,0.0
886.0,0.0
887.0,0.0
888.0,0.0
889.0,0.0
890.0,0.0
891.0,0.0
892.0,0.0
893.0,0.0
894.0,0.0
895.0,0.0
896.0,0.0
897.0,0.0
898.0,0.0
899.0,0.0
900.0,0.0
901.0,0.0
902.0,0.0
903.0,0.0
904.0,0.0
905.0,0.0
906.0,0.0
907.0,0.0
908.0,0.0
909.0,0.0
910.0,0.0
911.0,0.0
912.0,0.0
913.0,0.0
914.0,0.0
915.0,0.0
916.0,0.0
917.0,0.0
918.0,0.0
919.0,0.0
920.0,0.0
921.0,0.0
922.0,0.0
923.0,0.0
924.0,0.0
925.0,0.0
926.0,0.0
927.0,0.0
928.0,0.0
929.0,0.0
930.0,0.0
931.0,0.0
932.0,0.0
933.0,0.0
934.0,0.0
935.0,0.0
936.0,0.0
937.0,0.0
938.0,0.0
939.0,0.0
940.0,0.0
941.0,0.0
942.0,0.0
943.0,0.0
944.0,0.0
945.0,0.0
946.0,0.0
947.0,0.0
948.0,0.0
949.0,0.0
950.0,0.0
951.0,0.0
952.0,0.0
953.0,0.0
954.0,0.0
955.0,0.0
956.0,0.0
957.0,0.0
958.0,0.0
959.0,0.0
960.0,0.0
961.0,0.0
962.0,0.0
963.0,0.0
964.0,0.0
965.0,0.0
966.0,0.0
967.0,0.0
968.0,0.0
969.0,0.0
970.0,0.0
971.0,0.0
972.0,0.0
973.0,0.0
974.0,0.0
975.0,0.0
976.0,0.0
977.0,0.0
978.0,0.0
979.0,0.0
980.0,0.0
981.0,0.0
982.0,0.0
983.0,0.0
984.0,0.0
985.0,0.0
986.0,0.0
987.0,0.0
988.0,0.0
989.0,0.0
990.0,0.0
991.0,0.0
992.0,0.0
993.0,0.0
994.0,0.0
995.0,0.0
996.0,0.0
997.0,0.0
998.0,0.0
999.0,0.0
1000.0,0.0
1001.0,0.0
1002.0,0.0
1003.0,0.0
1004.0,0.0
1005.0,0.0
1006.0,0.0
1007.0,0.0
1008.0,0.0
1009.0,0.0
1010.0,0.0
1011.0,0.0
1012.0,0.0
1013.0,0.0
1014.0,0.0
1015.0,0.0
1016.0,0.0
1017.0,0.0
1018.0,0.0
1019.0,0.0
1020.0,0.0
1021.0,0.0
1022.0,0.0
1023.0,0.0
1024.0,0.0
1025.0,0.0
1026.0,0.0
1027.0,0.0
1028.0,0.0
1029.0,0.0
1030.0,0.0
1031.0,0.0
1032.0,0.0
1033.0,0.0
1034.0,0.0
1035.0,0.0
1036.0,0.0
1037.0,0.0
1038.0,0.0
1039.0,0.0
1040.0,0.0
1041.0,0.0
1042.0,0.0
1043.0,0.0
1044.0,0.0
1045.0,0.0
1046.0,0.0
1047.0,0.0
1048.0,0.0
1049.0,0.0
1050.0,0.0
1051.0,0.0
1052.0,0.0
1053.0,0.0
1054.0,0.0
1055.0,0.0
1056.0,0.0
1057.0,0.0
1058.0,0.0
1059.0,0.0
1060.0,0.0
1061.0,0.0
1062.0,0.0
1063.0,0.0
1064.0,0.0
1065.0,0.0
1066.0,0.0
1067.0,0.0
1068.0,0.0
1069.0,0.0
1070.0,0.0
1071.0,0.0
1072.0,0.0
1073.0,0.0
1074.0,0.0
1075.0,0.0
1076.0,0.0
1077.0,0.0
1078.0,0.0
1079.0,0.0
1080.0,0.0
1081.0,0.0
1082.0,0.0
1083.0,0.0
1084.0,0.0
1085.0,0.0
1086.0,0.0
1087.0,0.0
1088.0,0.0
1089.0,0.0
1090.0,0.0
1091.0,0.0
1092.0,0.0
1093.0,0.0
1094.0,0.0
1095.0,0.0
1096.0,0.0
1097.0,0.0
1098.0,0.0
1099.0,0.0
1100.0,0.0
1101.0,0.0
1102.0,0.0
1103.0,0.0
1104.0,0.0
1105.0,0.0
1106.0,0.0
1107.0,0.0
1108.0,0.0
1109.0,0.0
1110.0,0.0
1111.0,0.0
1112.0,0.0
1113.0,0.0
1114.0,0.0
1115.0,0.0
1116.0,0.0
1117.0,0.0
1118.0,0.0
1119.0,0.0
1120.0,0.0
1121.0,0.0
1122.0,0.0
1123.0,0.0
1124.0,0.0
1125.0,0.0
1126.0,0.0
1127.0,0.0
1128.0,0.0
1129.0,0.0
1130.0,0.0
1131.0,0.0
1132.0,0.0
1133.0,0.0
1134.0,0.0
1135.0,0.0
1136.0,0.0
1137.0,0.0
1138.0,0.0
1139.0,0.0
1140.0,0.0
1141.0,0.0
1142.0,0.0
1143.0,0.0
1144.0,0.0
1145.0,0.0
1146.0,0.0
1147.0,0.0
1148.0,0.0
1149.0,0.0
1150.0,0.0
1151.0,0.0
1152.0,0.0
1153.0,0.0
1154.0,0.0
1155.0,0.0
1156.0,0.0
1157.0,0.0
1158.0,0.0
1159.0,0.0
1160.0,0.0
1161.0,0.0
1162.0,0.0
1163.0,0.0
1164.0,0.0
1165.0,0.0
1166.0,0.0
1167.0,0.0
1168.0,0.0
1169.0,0.0
1170.0,0.0
1171.0,0.0
1172.0,0.0
1173.0,0.0
1174.0,0.0
1175.0,0.0
1176.0,0.0
1177.0,0.0
1178.0,0.0
1179.0,0.0
1180.0,0.0
1181.0,0.0
1182.0,0.0
1183.0,0.0
1184.0,0.0
1185.0,0.0
1186.0,0.0
1187.0,0.0
1188.0,0.0
1189.0,0.0
1190.0,0.0
1191.0,0.0
1192.0,0.0
1193.0,0.0
1194.0,0.0
1195.0,0.0
1196.0,0.0
1197.0,0.0
1198.0,0.0
1199.0,0.0
1200.0,0.0
